Company,
LICENCE,
Date,2018/09/12
Time,14:22:34
FileName,
Created_by,Version 4.4.0
Instrument_type,LT_EDGE_JR
Model_number,M5
Instrument_state,Stopped
Serial_number,2091494
Battery_level,67
Channel,2
Firmware,3.004
Project_ID,S2
Location,44
Latitude,0.000
Longtitude,0.000
Sample_rate,180000
Sample_mode,0
Event_ch,249
Event_threshold,999999.000000
Schedule,
Start_time,2018/08/07 11:00:00
Stop_time,2018/08/06 22:59:15
Num_log,1735
Identification,LEVEL
Unit,m
Parameters,"OrderedDict([('Offset', OrderedDict([('@Val', '0.000'), ('@Unit', 'm')]))])"
Identification,TEMPERATURE
Unit,Â°C
Parameters,
LogID,Date,Time,ms,LEVEL,TEMPERATURE
1,2018/08/07,11:00:00,0,10.139,10.80
2,2018/08/07,11:30:00,0,10.145,10.60
3,2018/08/07,12:00:00,0,10.143,10.60
4,2018/08/07,12:30:00,0,10.139,10.50
5,2018/08/07,13:00:00,0,10.136,10.50
6,2018/08/07,13:30:00,0,10.133,10.50
7,2018/08/07,14:00:00,0,10.130,10.50
8,2018/08/07,14:30:00,0,10.127,10.40
9,2018/08/07,15:00:00,0,10.122,10.40
10,2018/08/07,15:30:00,0,10.118,10.40
11,2018/08/07,16:00:00,0,10.115,10.40
12,2018/08/07,16:30:00,0,10.113,10.40
13,2018/08/07,17:00:00,0,10.110,10.40
14,2018/08/07,17:30:00,0,10.107,10.40
15,2018/08/07,18:00:00,0,10.107,10.40
16,2018/08/07,18:30:00,0,10.107,10.40
17,2018/08/07,19:00:00,0,10.106,10.40
18,2018/08/07,19:30:00,0,10.106,10.40
19,2018/08/07,20:00:00,0,10.107,10.40
20,2018/08/07,20:30:00,0,10.104,10.40
21,2018/08/07,21:00:00,0,10.106,10.40
22,2018/08/07,21:30:00,0,10.106,10.40
23,2018/08/07,22:00:00,0,10.106,10.40
24,2018/08/07,22:30:00,0,10.106,10.40
25,2018/08/07,23:00:00,0,10.106,10.40
26,2018/08/07,23:30:00,0,10.106,10.40
27,2018/08/08,00:00:00,0,10.103,10.40
28,2018/08/08,00:30:00,0,10.104,10.40
29,2018/08/08,01:00:00,0,10.103,10.40
30,2018/08/08,01:30:00,0,10.100,10.40
31,2018/08/08,02:00:00,0,10.100,10.40
32,2018/08/08,02:30:00,0,10.100,10.40
33,2018/08/08,03:00:00,0,10.097,10.40
34,2018/08/08,03:30:00,0,10.095,10.40
35,2018/08/08,04:00:00,0,10.091,10.40
36,2018/08/08,04:30:00,0,10.088,10.40
37,2018/08/08,05:00:00,0,10.088,10.40
38,2018/08/08,05:30:00,0,10.088,10.40
39,2018/08/08,06:00:00,0,10.086,10.40
40,2018/08/08,06:30:00,0,10.086,10.40
41,2018/08/08,07:00:00,0,10.085,10.40
42,2018/08/08,07:30:00,0,10.085,10.40
43,2018/08/08,08:00:00,0,10.083,10.40
44,2018/08/08,08:30:00,0,10.082,10.40
45,2018/08/08,09:00:00,0,10.079,10.40
46,2018/08/08,09:30:00,0,10.079,10.40
47,2018/08/08,10:00:00,0,10.076,10.40
48,2018/08/08,10:30:00,0,10.079,10.40
49,2018/08/08,11:00:00,0,10.077,10.40
50,2018/08/08,11:30:00,0,10.079,10.40
51,2018/08/08,12:00:00,0,10.079,10.40
52,2018/08/08,12:30:00,0,10.077,10.40
53,2018/08/08,13:00:00,0,10.076,10.40
54,2018/08/08,13:30:00,0,10.074,10.40
55,2018/08/08,14:00:00,0,10.074,10.40
56,2018/08/08,14:30:00,0,10.073,10.40
57,2018/08/08,15:00:00,0,10.073,10.40
58,2018/08/08,15:30:00,0,10.073,10.40
59,2018/08/08,16:00:00,0,10.071,10.40
60,2018/08/08,16:30:00,0,10.071,10.40
61,2018/08/08,17:00:00,0,10.071,10.40
62,2018/08/08,17:30:00,0,10.071,10.40
63,2018/08/08,18:00:00,0,10.071,10.40
64,2018/08/08,18:30:00,0,10.071,10.40
65,2018/08/08,19:00:00,0,10.070,10.40
66,2018/08/08,19:30:00,0,10.070,10.40
67,2018/08/08,20:00:00,0,10.071,10.40
68,2018/08/08,20:30:00,0,10.074,10.40
69,2018/08/08,21:00:00,0,10.077,10.40
70,2018/08/08,21:30:00,0,10.083,10.40
71,2018/08/08,22:00:00,0,10.086,10.40
72,2018/08/08,22:30:00,0,10.089,10.40
73,2018/08/08,23:00:00,0,10.089,10.40
74,2018/08/08,23:30:00,0,10.091,10.40
75,2018/08/09,00:00:00,0,10.091,10.40
76,2018/08/09,00:30:00,0,10.092,10.40
77,2018/08/09,01:00:00,0,10.095,10.40
78,2018/08/09,01:30:00,0,10.095,10.40
79,2018/08/09,02:00:00,0,10.095,10.40
80,2018/08/09,02:30:00,0,10.097,10.40
81,2018/08/09,03:00:00,0,10.100,10.40
82,2018/08/09,03:30:00,0,10.100,10.40
83,2018/08/09,04:00:00,0,10.103,10.40
84,2018/08/09,04:30:00,0,10.103,10.40
85,2018/08/09,05:00:00,0,10.106,10.40
86,2018/08/09,05:30:00,0,10.106,10.40
87,2018/08/09,06:00:00,0,10.107,10.40
88,2018/08/09,06:30:00,0,10.109,10.40
89,2018/08/09,07:00:00,0,10.112,10.40
90,2018/08/09,07:30:00,0,10.115,10.40
91,2018/08/09,08:00:00,0,10.116,10.40
92,2018/08/09,08:30:00,0,10.118,10.40
93,2018/08/09,09:00:00,0,10.122,10.40
94,2018/08/09,09:30:00,0,10.124,10.40
95,2018/08/09,10:00:00,0,10.124,10.40
96,2018/08/09,10:30:00,0,10.127,10.40
97,2018/08/09,11:00:00,0,10.127,10.40
98,2018/08/09,11:30:00,0,10.128,10.40
99,2018/08/09,12:00:00,0,10.128,10.40
100,2018/08/09,12:30:00,0,10.128,10.40
101,2018/08/09,13:00:00,0,10.125,10.40
102,2018/08/09,13:30:00,0,10.124,10.40
103,2018/08/09,14:00:00,0,10.124,10.40
104,2018/08/09,14:30:00,0,10.121,10.40
105,2018/08/09,15:00:00,0,10.119,10.40
106,2018/08/09,15:30:00,0,10.119,10.40
107,2018/08/09,16:00:00,0,10.118,10.40
108,2018/08/09,16:30:00,0,10.116,10.40
109,2018/08/09,17:00:00,0,10.116,10.40
110,2018/08/09,17:30:00,0,10.116,10.40
111,2018/08/09,18:00:00,0,10.116,10.40
112,2018/08/09,18:30:00,0,10.116,10.40
113,2018/08/09,19:00:00,0,10.116,10.40
114,2018/08/09,19:30:00,0,10.116,10.40
115,2018/08/09,20:00:00,0,10.119,10.40
116,2018/08/09,20:30:00,0,10.119,10.40
117,2018/08/09,21:00:00,0,10.122,10.40
118,2018/08/09,21:30:00,0,10.125,10.40
119,2018/08/09,22:00:00,0,10.127,10.40
120,2018/08/09,22:30:00,0,10.130,10.40
121,2018/08/09,23:00:00,0,10.130,10.40
122,2018/08/09,23:30:00,0,10.130,10.40
123,2018/08/10,00:00:00,0,10.131,10.40
124,2018/08/10,00:30:00,0,10.131,10.40
125,2018/08/10,01:00:00,0,10.131,10.40
126,2018/08/10,01:30:00,0,10.131,10.40
127,2018/08/10,02:00:00,0,10.130,10.40
128,2018/08/10,02:30:00,0,10.128,10.40
129,2018/08/10,03:00:00,0,10.128,10.40
130,2018/08/10,03:30:00,0,10.128,10.40
131,2018/08/10,04:00:00,0,10.131,10.40
132,2018/08/10,04:30:00,0,10.133,10.40
133,2018/08/10,05:00:00,0,10.133,10.40
134,2018/08/10,05:30:00,0,10.134,10.40
135,2018/08/10,06:00:00,0,10.134,10.40
136,2018/08/10,06:30:00,0,10.134,10.40
137,2018/08/10,07:00:00,0,10.134,10.40
138,2018/08/10,07:30:00,0,10.136,10.40
139,2018/08/10,08:00:00,0,10.136,10.40
140,2018/08/10,08:30:00,0,10.136,10.40
141,2018/08/10,09:00:00,0,10.137,10.40
142,2018/08/10,09:30:00,0,10.136,10.40
143,2018/08/10,10:00:00,0,10.136,10.40
144,2018/08/10,10:30:00,0,10.134,10.40
145,2018/08/10,11:00:00,0,10.133,10.40
146,2018/08/10,11:30:00,0,10.133,10.40
147,2018/08/10,12:00:00,0,10.130,10.40
148,2018/08/10,12:30:00,0,10.127,10.40
149,2018/08/10,13:00:00,0,10.125,10.40
150,2018/08/10,13:30:00,0,10.122,10.40
151,2018/08/10,14:00:00,0,10.119,10.40
152,2018/08/10,14:30:00,0,10.116,10.40
153,2018/08/10,15:00:00,0,10.113,10.40
154,2018/08/10,15:30:00,0,10.112,10.40
155,2018/08/10,16:00:00,0,10.112,10.40
156,2018/08/10,16:30:00,0,10.109,10.40
157,2018/08/10,17:00:00,0,10.106,10.40
158,2018/08/10,17:30:00,0,10.104,10.40
159,2018/08/10,18:00:00,0,10.104,10.40
160,2018/08/10,18:30:00,0,10.103,10.50
161,2018/08/10,19:00:00,0,10.103,10.50
162,2018/08/10,19:30:00,0,10.101,10.50
163,2018/08/10,20:00:00,0,10.101,10.50
164,2018/08/10,20:30:00,0,10.101,10.50
165,2018/08/10,21:00:00,0,10.103,10.50
166,2018/08/10,21:30:00,0,10.103,10.50
167,2018/08/10,22:00:00,0,10.104,10.50
168,2018/08/10,22:30:00,0,10.104,10.50
169,2018/08/10,23:00:00,0,10.106,10.50
170,2018/08/10,23:30:00,0,10.106,10.50
171,2018/08/11,00:00:00,0,10.106,10.50
172,2018/08/11,00:30:00,0,10.106,10.50
173,2018/08/11,01:00:00,0,10.107,10.50
174,2018/08/11,01:30:00,0,10.107,10.50
175,2018/08/11,02:00:00,0,10.109,10.50
176,2018/08/11,02:30:00,0,10.109,10.50
177,2018/08/11,03:00:00,0,10.110,10.50
178,2018/08/11,03:30:00,0,10.110,10.50
179,2018/08/11,04:00:00,0,10.109,10.50
180,2018/08/11,04:30:00,0,10.110,10.50
181,2018/08/11,05:00:00,0,10.110,10.50
182,2018/08/11,05:30:00,0,10.113,10.50
183,2018/08/11,06:00:00,0,10.115,10.50
184,2018/08/11,06:30:00,0,10.118,10.50
185,2018/08/11,07:00:00,0,10.118,10.50
186,2018/08/11,07:30:00,0,10.122,10.50
187,2018/08/11,08:00:00,0,10.122,10.50
188,2018/08/11,08:30:00,0,10.124,10.50
189,2018/08/11,09:00:00,0,10.127,10.50
190,2018/08/11,09:30:00,0,10.127,10.50
191,2018/08/11,10:00:00,0,10.128,10.50
192,2018/08/11,10:30:00,0,10.128,10.50
193,2018/08/11,11:00:00,0,10.131,10.50
194,2018/08/11,11:30:00,0,10.130,10.50
195,2018/08/11,12:00:00,0,10.131,10.50
196,2018/08/11,12:30:00,0,10.130,10.50
197,2018/08/11,13:00:00,0,10.127,10.50
198,2018/08/11,13:30:00,0,10.125,10.50
199,2018/08/11,14:00:00,0,10.125,10.50
200,2018/08/11,14:30:00,0,10.124,10.50
201,2018/08/11,15:00:00,0,10.121,10.50
202,2018/08/11,15:30:00,0,10.121,10.50
203,2018/08/11,16:00:00,0,10.118,10.50
204,2018/08/11,16:30:00,0,10.116,10.50
205,2018/08/11,17:00:00,0,10.115,10.50
206,2018/08/11,17:30:00,0,10.113,10.50
207,2018/08/11,18:00:00,0,10.113,10.50
208,2018/08/11,18:30:00,0,10.113,10.50
209,2018/08/11,19:00:00,0,10.112,10.50
210,2018/08/11,19:30:00,0,10.112,10.50
211,2018/08/11,20:00:00,0,10.112,10.50
212,2018/08/11,20:30:00,0,10.113,10.50
213,2018/08/11,21:00:00,0,10.115,10.50
214,2018/08/11,21:30:00,0,10.116,10.50
215,2018/08/11,22:00:00,0,10.118,10.50
216,2018/08/11,22:30:00,0,10.119,10.50
217,2018/08/11,23:00:00,0,10.122,10.50
218,2018/08/11,23:30:00,0,10.124,10.50
219,2018/08/12,00:00:00,0,10.124,10.50
220,2018/08/12,00:30:00,0,10.125,10.50
221,2018/08/12,01:00:00,0,10.125,10.50
222,2018/08/12,01:30:00,0,10.125,10.50
223,2018/08/12,02:00:00,0,10.125,10.50
224,2018/08/12,02:30:00,0,10.125,10.50
225,2018/08/12,03:00:00,0,10.127,10.50
226,2018/08/12,03:30:00,0,10.128,10.50
227,2018/08/12,04:00:00,0,10.128,10.50
228,2018/08/12,04:30:00,0,10.130,10.50
229,2018/08/12,05:00:00,0,10.130,10.50
230,2018/08/12,05:30:00,0,10.130,10.50
231,2018/08/12,06:00:00,0,10.130,10.50
232,2018/08/12,06:30:00,0,10.133,10.50
233,2018/08/12,07:00:00,0,10.134,10.50
234,2018/08/12,07:30:00,0,10.137,10.50
235,2018/08/12,08:00:00,0,10.137,10.50
236,2018/08/12,08:30:00,0,10.137,10.50
237,2018/08/12,09:00:00,0,10.137,10.50
238,2018/08/12,09:30:00,0,10.136,10.50
239,2018/08/12,10:00:00,0,10.134,10.50
240,2018/08/12,10:30:00,0,10.134,10.60
241,2018/08/12,11:00:00,0,10.131,10.60
242,2018/08/12,11:30:00,0,10.130,10.60
243,2018/08/12,12:00:00,0,10.130,10.60
244,2018/08/12,12:30:00,0,10.128,10.60
245,2018/08/12,13:00:00,0,10.125,10.60
246,2018/08/12,13:30:00,0,10.124,10.60
247,2018/08/12,14:00:00,0,10.119,10.60
248,2018/08/12,14:30:00,0,10.116,10.60
249,2018/08/12,15:00:00,0,10.113,10.60
250,2018/08/12,15:30:00,0,10.110,10.60
251,2018/08/12,16:00:00,0,10.109,10.60
252,2018/08/12,16:30:00,0,10.107,10.60
253,2018/08/12,17:00:00,0,10.104,10.60
254,2018/08/12,17:30:00,0,10.101,10.60
255,2018/08/12,18:00:00,0,10.100,10.60
256,2018/08/12,18:30:00,0,10.100,10.60
257,2018/08/12,19:00:00,0,10.098,10.60
258,2018/08/12,19:30:00,0,10.100,10.60
259,2018/08/12,20:00:00,0,10.098,10.60
260,2018/08/12,20:30:00,0,10.097,10.60
261,2018/08/12,21:00:00,0,10.098,10.60
262,2018/08/12,21:30:00,0,10.098,10.60
263,2018/08/12,22:00:00,0,10.100,10.60
264,2018/08/12,22:30:00,0,10.100,10.60
265,2018/08/12,23:00:00,0,10.100,10.60
266,2018/08/12,23:30:00,0,10.098,10.60
267,2018/08/13,00:00:00,0,10.098,10.60
268,2018/08/13,00:30:00,0,10.098,10.60
269,2018/08/13,01:00:00,0,10.095,10.60
270,2018/08/13,01:30:00,0,10.094,10.60
271,2018/08/13,02:00:00,0,10.091,10.60
272,2018/08/13,02:30:00,0,10.089,10.60
273,2018/08/13,03:00:00,0,10.088,10.60
274,2018/08/13,03:30:00,0,10.088,10.60
275,2018/08/13,04:00:00,0,10.088,10.60
276,2018/08/13,04:30:00,0,10.088,10.60
277,2018/08/13,05:00:00,0,10.088,10.60
278,2018/08/13,05:30:00,0,10.086,10.60
279,2018/08/13,06:00:00,0,10.085,10.60
280,2018/08/13,06:30:00,0,10.085,10.60
281,2018/08/13,07:00:00,0,10.086,10.60
282,2018/08/13,07:30:00,0,10.086,10.60
283,2018/08/13,08:00:00,0,10.085,10.60
284,2018/08/13,08:30:00,0,10.085,10.60
285,2018/08/13,09:00:00,0,10.083,10.60
286,2018/08/13,09:30:00,0,10.082,10.60
287,2018/08/13,10:00:00,0,10.077,10.60
288,2018/08/13,10:30:00,0,10.076,10.60
289,2018/08/13,11:00:00,0,10.074,10.60
290,2018/08/13,11:30:00,0,10.071,10.60
291,2018/08/13,12:00:00,0,10.068,10.60
292,2018/08/13,12:30:00,0,10.067,10.60
293,2018/08/13,13:00:00,0,10.065,10.60
294,2018/08/13,13:30:00,0,10.064,10.60
295,2018/08/13,14:00:00,0,10.061,10.60
296,2018/08/13,14:30:00,0,10.058,10.60
297,2018/08/13,15:00:00,0,10.056,10.60
298,2018/08/13,15:30:00,0,10.053,10.60
299,2018/08/13,16:00:00,0,10.052,10.70
300,2018/08/13,16:30:00,0,10.050,10.70
301,2018/08/13,17:00:00,0,10.049,10.70
302,2018/08/13,17:30:00,0,10.047,10.70
303,2018/08/13,18:00:00,0,10.046,10.70
304,2018/08/13,18:30:00,0,10.046,10.70
305,2018/08/13,19:00:00,0,10.044,10.70
306,2018/08/13,19:30:00,0,10.044,10.70
307,2018/08/13,20:00:00,0,10.044,10.70
308,2018/08/13,20:30:00,0,10.043,10.70
309,2018/08/13,21:00:00,0,10.047,10.70
310,2018/08/13,21:30:00,0,10.050,10.70
311,2018/08/13,22:00:00,0,10.050,10.70
312,2018/08/13,22:30:00,0,10.055,10.70
313,2018/08/13,23:00:00,0,10.053,10.70
314,2018/08/13,23:30:00,0,10.056,10.70
315,2018/08/14,00:00:00,0,10.058,10.70
316,2018/08/14,00:30:00,0,10.064,10.70
317,2018/08/14,01:00:00,0,10.067,10.70
318,2018/08/14,01:30:00,0,10.065,10.70
319,2018/08/14,02:00:00,0,10.062,10.70
320,2018/08/14,02:30:00,0,10.061,10.70
321,2018/08/14,03:00:00,0,10.062,10.70
322,2018/08/14,03:30:00,0,10.064,10.70
323,2018/08/14,04:00:00,0,10.062,10.70
324,2018/08/14,04:30:00,0,10.068,10.70
325,2018/08/14,05:00:00,0,10.070,10.70
326,2018/08/14,05:30:00,0,10.067,10.70
327,2018/08/14,06:00:00,0,10.058,10.70
328,2018/08/14,06:30:00,0,10.061,10.70
329,2018/08/14,07:00:00,0,10.071,10.70
330,2018/08/14,07:30:00,0,10.071,10.70
331,2018/08/14,08:00:00,0,10.073,10.70
332,2018/08/14,08:30:00,0,10.071,10.70
333,2018/08/14,09:00:00,0,10.074,10.70
334,2018/08/14,09:30:00,0,10.074,10.70
335,2018/08/14,10:00:00,0,10.074,10.70
336,2018/08/14,10:30:00,0,10.079,10.70
337,2018/08/14,11:00:00,0,10.080,10.70
338,2018/08/14,11:30:00,0,10.077,10.70
339,2018/08/14,12:00:00,0,10.076,10.70
340,2018/08/14,12:30:00,0,10.074,10.70
341,2018/08/14,13:00:00,0,10.076,10.70
342,2018/08/14,13:30:00,0,10.076,10.70
343,2018/08/14,14:00:00,0,10.074,10.70
344,2018/08/14,14:30:00,0,10.073,10.70
345,2018/08/14,15:00:00,0,10.070,10.70
346,2018/08/14,15:30:00,0,10.065,10.70
347,2018/08/14,16:00:00,0,10.064,10.70
348,2018/08/14,16:30:00,0,10.062,10.70
349,2018/08/14,17:00:00,0,10.062,10.80
350,2018/08/14,17:30:00,0,10.062,10.80
351,2018/08/14,18:00:00,0,10.062,10.80
352,2018/08/14,18:30:00,0,10.062,10.80
353,2018/08/14,19:00:00,0,10.064,10.80
354,2018/08/14,19:30:00,0,10.061,10.80
355,2018/08/14,20:00:00,0,10.062,10.80
356,2018/08/14,20:30:00,0,10.064,10.80
357,2018/08/14,21:00:00,0,10.067,10.80
358,2018/08/14,21:30:00,0,10.068,10.80
359,2018/08/14,22:00:00,0,10.068,10.80
360,2018/08/14,22:30:00,0,10.068,10.80
361,2018/08/14,23:00:00,0,10.068,10.80
362,2018/08/14,23:30:00,0,10.068,10.80
363,2018/08/15,00:00:00,0,10.067,10.80
364,2018/08/15,00:30:00,0,10.068,10.80
365,2018/08/15,01:00:00,0,10.067,10.80
366,2018/08/15,01:30:00,0,10.067,10.80
367,2018/08/15,02:00:00,0,10.065,10.80
368,2018/08/15,02:30:00,0,10.064,10.80
369,2018/08/15,03:00:00,0,10.065,10.80
370,2018/08/15,03:30:00,0,10.067,10.80
371,2018/08/15,04:00:00,0,10.065,10.80
372,2018/08/15,04:30:00,0,10.067,10.80
373,2018/08/15,05:00:00,0,10.065,10.80
374,2018/08/15,05:30:00,0,10.065,10.80
375,2018/08/15,06:00:00,0,10.068,10.80
376,2018/08/15,06:30:00,0,10.070,10.80
377,2018/08/15,07:00:00,0,10.071,10.80
378,2018/08/15,07:30:00,0,10.073,10.80
379,2018/08/15,08:00:00,0,10.073,10.80
380,2018/08/15,08:30:00,0,10.074,10.80
381,2018/08/15,09:00:00,0,10.076,10.80
382,2018/08/15,09:30:00,0,10.076,10.80
383,2018/08/15,10:00:00,0,10.074,10.80
384,2018/08/15,10:30:00,0,10.074,10.80
385,2018/08/15,11:00:00,0,10.073,10.80
386,2018/08/15,11:30:00,0,10.071,10.80
387,2018/08/15,12:00:00,0,10.070,10.80
388,2018/08/15,12:30:00,0,10.070,10.80
389,2018/08/15,13:00:00,0,10.070,10.80
390,2018/08/15,13:30:00,0,10.067,10.80
391,2018/08/15,14:00:00,0,10.064,10.80
392,2018/08/15,14:30:00,0,10.062,10.80
393,2018/08/15,15:00:00,0,10.059,10.80
394,2018/08/15,15:30:00,0,10.058,10.80
395,2018/08/15,16:00:00,0,10.056,10.90
396,2018/08/15,16:30:00,0,10.055,10.90
397,2018/08/15,17:00:00,0,10.052,10.90
398,2018/08/15,17:30:00,0,10.052,10.90
399,2018/08/15,18:00:00,0,10.050,10.90
400,2018/08/15,18:30:00,0,10.052,10.90
401,2018/08/15,19:00:00,0,10.050,10.90
402,2018/08/15,19:30:00,0,10.050,10.90
403,2018/08/15,20:00:00,0,10.050,10.90
404,2018/08/15,20:30:00,0,10.052,10.90
405,2018/08/15,21:00:00,0,10.055,10.90
406,2018/08/15,21:30:00,0,10.056,10.90
407,2018/08/15,22:00:00,0,10.056,10.90
408,2018/08/15,22:30:00,0,10.056,10.90
409,2018/08/15,23:00:00,0,10.058,10.90
410,2018/08/15,23:30:00,0,10.058,10.90
411,2018/08/16,00:00:00,0,10.059,10.90
412,2018/08/16,00:30:00,0,10.061,10.90
413,2018/08/16,01:00:00,0,10.058,10.90
414,2018/08/16,01:30:00,0,10.056,10.90
415,2018/08/16,02:00:00,0,10.058,10.90
416,2018/08/16,02:30:00,0,10.056,10.90
417,2018/08/16,03:00:00,0,10.058,10.90
418,2018/08/16,03:30:00,0,10.058,10.90
419,2018/08/16,04:00:00,0,10.056,10.90
420,2018/08/16,04:30:00,0,10.059,10.90
421,2018/08/16,05:00:00,0,10.059,10.90
422,2018/08/16,05:30:00,0,10.061,10.90
423,2018/08/16,06:00:00,0,10.062,10.90
424,2018/08/16,06:30:00,0,10.064,10.90
425,2018/08/16,07:00:00,0,10.065,10.90
426,2018/08/16,07:30:00,0,10.068,10.90
427,2018/08/16,08:00:00,0,10.068,10.90
428,2018/08/16,08:30:00,0,10.070,10.90
429,2018/08/16,09:00:00,0,10.071,10.90
430,2018/08/16,09:30:00,0,10.071,10.90
431,2018/08/16,10:00:00,0,10.074,10.90
432,2018/08/16,10:30:00,0,10.073,10.90
433,2018/08/16,11:00:00,0,10.071,10.90
434,2018/08/16,11:30:00,0,10.071,10.90
435,2018/08/16,12:00:00,0,10.068,10.90
436,2018/08/16,12:30:00,0,10.067,10.90
437,2018/08/16,13:00:00,0,10.064,10.90
438,2018/08/16,13:30:00,0,10.064,10.90
439,2018/08/16,14:00:00,0,10.062,10.90
440,2018/08/16,14:30:00,0,10.062,10.90
441,2018/08/16,15:00:00,0,10.059,10.90
442,2018/08/16,15:30:00,0,10.061,10.90
443,2018/08/16,16:00:00,0,10.061,10.90
444,2018/08/16,16:30:00,0,10.059,10.90
445,2018/08/16,17:00:00,0,10.058,10.90
446,2018/08/16,17:30:00,0,10.058,10.90
447,2018/08/16,18:00:00,0,10.059,10.90
448,2018/08/16,18:30:00,0,10.058,10.90
449,2018/08/16,19:00:00,0,10.058,10.90
450,2018/08/16,19:30:00,0,10.058,10.90
451,2018/08/16,20:00:00,0,10.058,10.90
452,2018/08/16,20:30:00,0,10.061,10.90
453,2018/08/16,21:00:00,0,10.062,10.90
454,2018/08/16,21:30:00,0,10.062,10.90
455,2018/08/16,22:00:00,0,10.064,10.90
456,2018/08/16,22:30:00,0,10.068,10.90
457,2018/08/16,23:00:00,0,10.070,10.90
458,2018/08/16,23:30:00,0,10.070,10.90
459,2018/08/17,00:00:00,0,10.071,10.90
460,2018/08/17,00:30:00,0,10.070,10.90
461,2018/08/17,01:00:00,0,10.070,10.90
462,2018/08/17,01:30:00,0,10.071,10.90
463,2018/08/17,02:00:00,0,10.071,10.90
464,2018/08/17,02:30:00,0,10.070,10.90
465,2018/08/17,03:00:00,0,10.071,10.90
466,2018/08/17,03:30:00,0,10.070,10.90
467,2018/08/17,04:00:00,0,10.074,11.00
468,2018/08/17,04:30:00,0,10.074,11.00
469,2018/08/17,05:00:00,0,10.074,11.00
470,2018/08/17,05:30:00,0,10.076,11.00
471,2018/08/17,06:00:00,0,10.076,11.00
472,2018/08/17,06:30:00,0,10.079,11.00
473,2018/08/17,07:00:00,0,10.082,11.00
474,2018/08/17,07:30:00,0,10.083,11.00
475,2018/08/17,08:00:00,0,10.085,11.00
476,2018/08/17,08:30:00,0,10.086,11.00
477,2018/08/17,09:00:00,0,10.088,11.00
478,2018/08/17,09:30:00,0,10.086,11.00
479,2018/08/17,10:00:00,0,10.086,11.00
480,2018/08/17,10:30:00,0,10.086,11.00
481,2018/08/17,11:00:00,0,10.088,11.00
482,2018/08/17,11:30:00,0,10.086,11.00
483,2018/08/17,12:00:00,0,10.085,11.00
484,2018/08/17,12:30:00,0,10.085,11.00
485,2018/08/17,13:00:00,0,10.085,11.00
486,2018/08/17,13:30:00,0,10.083,11.00
487,2018/08/17,14:00:00,0,10.083,11.00
488,2018/08/17,14:30:00,0,10.080,11.00
489,2018/08/17,15:00:00,0,10.080,11.00
490,2018/08/17,15:30:00,0,10.080,11.00
491,2018/08/17,16:00:00,0,10.077,11.00
492,2018/08/17,16:30:00,0,10.077,11.00
493,2018/08/17,17:00:00,0,10.077,11.00
494,2018/08/17,17:30:00,0,10.076,11.00
495,2018/08/17,18:00:00,0,10.076,11.00
496,2018/08/17,18:30:00,0,10.076,11.00
497,2018/08/17,19:00:00,0,10.076,11.00
498,2018/08/17,19:30:00,0,10.077,11.00
499,2018/08/17,20:00:00,0,10.076,11.00
500,2018/08/17,20:30:00,0,10.077,11.00
501,2018/08/17,21:00:00,0,10.079,11.00
502,2018/08/17,21:30:00,0,10.079,11.00
503,2018/08/17,22:00:00,0,10.079,11.00
504,2018/08/17,22:30:00,0,10.080,11.00
505,2018/08/17,23:00:00,0,10.080,11.00
506,2018/08/17,23:30:00,0,10.083,11.00
507,2018/08/18,00:00:00,0,10.083,11.00
508,2018/08/18,00:30:00,0,10.085,11.00
509,2018/08/18,01:00:00,0,10.083,11.00
510,2018/08/18,01:30:00,0,10.083,11.00
511,2018/08/18,02:00:00,0,10.082,11.00
512,2018/08/18,02:30:00,0,10.082,11.00
513,2018/08/18,03:00:00,0,10.082,11.00
514,2018/08/18,03:30:00,0,10.083,11.00
515,2018/08/18,04:00:00,0,10.083,11.00
516,2018/08/18,04:30:00,0,10.085,11.00
517,2018/08/18,05:00:00,0,10.082,11.00
518,2018/08/18,05:30:00,0,10.082,11.00
519,2018/08/18,06:00:00,0,10.080,11.00
520,2018/08/18,06:30:00,0,10.082,11.00
521,2018/08/18,07:00:00,0,10.082,11.00
522,2018/08/18,07:30:00,0,10.082,11.00
523,2018/08/18,08:00:00,0,10.082,11.00
524,2018/08/18,08:30:00,0,10.080,11.00
525,2018/08/18,09:00:00,0,10.079,11.00
526,2018/08/18,09:30:00,0,10.077,11.00
527,2018/08/18,10:00:00,0,10.076,11.00
528,2018/08/18,10:30:00,0,10.076,11.00
529,2018/08/18,11:00:00,0,10.074,11.00
530,2018/08/18,11:30:00,0,10.073,11.00
531,2018/08/18,12:00:00,0,10.071,11.00
532,2018/08/18,12:30:00,0,10.068,11.00
533,2018/08/18,13:00:00,0,10.064,11.00
534,2018/08/18,13:30:00,0,10.061,11.00
535,2018/08/18,14:00:00,0,10.056,11.00
536,2018/08/18,14:30:00,0,10.052,11.00
537,2018/08/18,15:00:00,0,10.050,11.00
538,2018/08/18,15:30:00,0,10.046,11.00
539,2018/08/18,16:00:00,0,10.044,11.00
540,2018/08/18,16:30:00,0,10.041,11.00
541,2018/08/18,17:00:00,0,10.037,11.00
542,2018/08/18,17:30:00,0,10.035,11.00
543,2018/08/18,18:00:00,0,10.035,11.00
544,2018/08/18,18:30:00,0,10.032,11.00
545,2018/08/18,19:00:00,0,10.029,11.00
546,2018/08/18,19:30:00,0,10.026,11.00
547,2018/08/18,20:00:00,0,10.023,11.00
548,2018/08/18,20:30:00,0,10.026,11.00
549,2018/08/18,21:00:00,0,10.026,11.00
550,2018/08/18,21:30:00,0,10.026,11.00
551,2018/08/18,22:00:00,0,10.023,11.00
552,2018/08/18,22:30:00,0,10.025,11.00
553,2018/08/18,23:00:00,0,10.022,11.00
554,2018/08/18,23:30:00,0,10.019,11.00
555,2018/08/19,00:00:00,0,10.017,11.00
556,2018/08/19,00:30:00,0,10.016,11.00
557,2018/08/19,01:00:00,0,10.013,11.00
558,2018/08/19,01:30:00,0,10.016,11.00
559,2018/08/19,02:00:00,0,10.017,11.00
560,2018/08/19,02:30:00,0,10.016,11.00
561,2018/08/19,03:00:00,0,10.013,11.00
562,2018/08/19,03:30:00,0,10.011,11.00
563,2018/08/19,04:00:00,0,10.004,11.00
564,2018/08/19,04:30:00,0,10.002,11.00
565,2018/08/19,05:00:00,0,10.002,11.00
566,2018/08/19,05:30:00,0,10.007,11.00
567,2018/08/19,06:00:00,0,10.013,11.00
568,2018/08/19,06:30:00,0,10.010,11.00
569,2018/08/19,07:00:00,0,10.013,11.00
570,2018/08/19,07:30:00,0,10.022,11.00
571,2018/08/19,08:00:00,0,10.022,11.00
572,2018/08/19,08:30:00,0,10.023,11.00
573,2018/08/19,09:00:00,0,10.025,11.00
574,2018/08/19,09:30:00,0,10.023,11.00
575,2018/08/19,10:00:00,0,10.020,11.00
576,2018/08/19,10:30:00,0,10.022,11.00
577,2018/08/19,11:00:00,0,10.025,11.00
578,2018/08/19,11:30:00,0,10.022,11.00
579,2018/08/19,12:00:00,0,10.019,11.00
580,2018/08/19,12:30:00,0,10.019,11.00
581,2018/08/19,13:00:00,0,10.019,11.00
582,2018/08/19,13:30:00,0,10.020,11.00
583,2018/08/19,14:00:00,0,10.020,11.00
584,2018/08/19,14:30:00,0,10.022,11.00
585,2018/08/19,15:00:00,0,10.023,11.00
586,2018/08/19,15:30:00,0,10.025,11.00
587,2018/08/19,16:00:00,0,10.023,11.00
588,2018/08/19,16:30:00,0,10.025,11.00
589,2018/08/19,17:00:00,0,10.023,11.00
590,2018/08/19,17:30:00,0,10.019,11.00
591,2018/08/19,18:00:00,0,10.026,11.00
592,2018/08/19,18:30:00,0,10.028,11.00
593,2018/08/19,19:00:00,0,10.034,11.10
594,2018/08/19,19:30:00,0,10.035,11.10
595,2018/08/19,20:00:00,0,10.038,11.10
596,2018/08/19,20:30:00,0,10.040,11.10
597,2018/08/19,21:00:00,0,10.043,11.10
598,2018/08/19,21:30:00,0,10.044,11.10
599,2018/08/19,22:00:00,0,10.047,11.10
600,2018/08/19,22:30:00,0,10.050,11.10
601,2018/08/19,23:00:00,0,10.047,11.10
602,2018/08/19,23:30:00,0,10.046,11.10
603,2018/08/20,00:00:00,0,10.047,11.10
604,2018/08/20,00:30:00,0,10.046,11.10
605,2018/08/20,01:00:00,0,10.046,11.10
606,2018/08/20,01:30:00,0,10.049,11.10
607,2018/08/20,02:00:00,0,10.046,11.10
608,2018/08/20,02:30:00,0,10.046,11.10
609,2018/08/20,03:00:00,0,10.046,11.10
610,2018/08/20,03:30:00,0,10.046,11.10
611,2018/08/20,04:00:00,0,10.047,11.10
612,2018/08/20,04:30:00,0,10.044,11.10
613,2018/08/20,05:00:00,0,10.047,11.10
614,2018/08/20,05:30:00,0,10.052,11.10
615,2018/08/20,06:00:00,0,10.049,11.10
616,2018/08/20,06:30:00,0,10.049,11.10
617,2018/08/20,07:00:00,0,10.053,11.10
618,2018/08/20,07:30:00,0,10.056,11.10
619,2018/08/20,08:00:00,0,10.058,11.10
620,2018/08/20,08:30:00,0,10.058,11.10
621,2018/08/20,09:00:00,0,10.056,11.10
622,2018/08/20,09:30:00,0,10.055,11.10
623,2018/08/20,10:00:00,0,10.052,11.10
624,2018/08/20,10:30:00,0,10.053,11.10
625,2018/08/20,11:00:00,0,10.053,11.10
626,2018/08/20,11:30:00,0,10.053,11.10
627,2018/08/20,12:00:00,0,10.052,11.10
628,2018/08/20,12:30:00,0,10.052,11.10
629,2018/08/20,13:00:00,0,10.052,11.10
630,2018/08/20,13:30:00,0,10.050,11.10
631,2018/08/20,14:00:00,0,10.052,11.10
632,2018/08/20,14:30:00,0,10.052,11.10
633,2018/08/20,15:00:00,0,10.052,11.10
634,2018/08/20,15:30:00,0,10.050,11.10
635,2018/08/20,16:00:00,0,10.052,11.10
636,2018/08/20,16:30:00,0,10.050,11.10
637,2018/08/20,17:00:00,0,10.050,11.10
638,2018/08/20,17:30:00,0,10.049,11.10
639,2018/08/20,18:00:00,0,10.049,11.10
640,2018/08/20,18:30:00,0,10.049,11.10
641,2018/08/20,19:00:00,0,10.049,11.10
642,2018/08/20,19:30:00,0,10.052,11.10
643,2018/08/20,20:00:00,0,10.052,11.10
644,2018/08/20,20:30:00,0,10.050,11.10
645,2018/08/20,21:00:00,0,10.055,11.10
646,2018/08/20,21:30:00,0,10.058,11.10
647,2018/08/20,22:00:00,0,10.059,11.10
648,2018/08/20,22:30:00,0,10.061,11.10
649,2018/08/20,23:00:00,0,10.062,11.10
650,2018/08/20,23:30:00,0,10.061,11.10
651,2018/08/21,00:00:00,0,10.061,11.10
652,2018/08/21,00:30:00,0,10.062,11.10
653,2018/08/21,01:00:00,0,10.059,11.10
654,2018/08/21,01:30:00,0,10.059,11.10
655,2018/08/21,02:00:00,0,10.061,11.10
656,2018/08/21,02:30:00,0,10.059,11.10
657,2018/08/21,03:00:00,0,10.056,11.10
658,2018/08/21,03:30:00,0,10.056,11.10
659,2018/08/21,04:00:00,0,10.059,11.10
660,2018/08/21,04:30:00,0,10.061,11.10
661,2018/08/21,05:00:00,0,10.061,11.10
662,2018/08/21,05:30:00,0,10.061,11.10
663,2018/08/21,06:00:00,0,10.061,11.10
664,2018/08/21,06:30:00,0,10.062,11.10
665,2018/08/21,07:00:00,0,10.064,11.10
666,2018/08/21,07:30:00,0,10.065,11.10
667,2018/08/21,08:00:00,0,10.073,11.10
668,2018/08/21,08:30:00,0,10.076,11.10
669,2018/08/21,09:00:00,0,10.073,11.10
670,2018/08/21,09:30:00,0,10.073,11.10
671,2018/08/21,10:00:00,0,10.073,11.10
672,2018/08/21,10:30:00,0,10.074,11.10
673,2018/08/21,11:00:00,0,10.074,11.10
674,2018/08/21,11:30:00,0,10.076,11.10
675,2018/08/21,12:00:00,0,10.077,11.10
676,2018/08/21,12:30:00,0,10.076,11.10
677,2018/08/21,13:00:00,0,10.074,11.10
678,2018/08/21,13:30:00,0,10.073,11.10
679,2018/08/21,14:00:00,0,10.073,11.10
680,2018/08/21,14:30:00,0,10.070,11.10
681,2018/08/21,15:00:00,0,10.068,11.10
682,2018/08/21,15:30:00,0,10.067,11.10
683,2018/08/21,16:00:00,0,10.068,11.10
684,2018/08/21,16:30:00,0,10.067,11.10
685,2018/08/21,17:00:00,0,10.067,11.10
686,2018/08/21,17:30:00,0,10.068,11.10
687,2018/08/21,18:00:00,0,10.068,11.10
688,2018/08/21,18:30:00,0,10.070,11.10
689,2018/08/21,19:00:00,0,10.070,11.10
690,2018/08/21,19:30:00,0,10.071,11.10
691,2018/08/21,20:00:00,0,10.074,11.10
692,2018/08/21,20:30:00,0,10.077,11.10
693,2018/08/21,21:00:00,0,10.080,11.10
694,2018/08/21,21:30:00,0,10.082,11.10
695,2018/08/21,22:00:00,0,10.083,11.10
696,2018/08/21,22:30:00,0,10.083,11.10
697,2018/08/21,23:00:00,0,10.083,11.10
698,2018/08/21,23:30:00,0,10.082,11.10
699,2018/08/22,00:00:00,0,10.083,11.10
700,2018/08/22,00:30:00,0,10.082,11.10
701,2018/08/22,01:00:00,0,10.083,11.10
702,2018/08/22,01:30:00,0,10.085,11.10
703,2018/08/22,02:00:00,0,10.083,11.10
704,2018/08/22,02:30:00,0,10.082,11.10
705,2018/08/22,03:00:00,0,10.080,11.10
706,2018/08/22,03:30:00,0,10.079,11.10
707,2018/08/22,04:00:00,0,10.079,11.10
708,2018/08/22,04:30:00,0,10.079,11.10
709,2018/08/22,05:00:00,0,10.077,11.10
710,2018/08/22,05:30:00,0,10.077,11.10
711,2018/08/22,06:00:00,0,10.079,11.20
712,2018/08/22,06:30:00,0,10.079,11.20
713,2018/08/22,07:00:00,0,10.080,11.20
714,2018/08/22,07:30:00,0,10.082,11.20
715,2018/08/22,08:00:00,0,10.082,11.20
716,2018/08/22,08:30:00,0,10.080,11.20
717,2018/08/22,09:00:00,0,10.080,11.20
718,2018/08/22,09:30:00,0,10.080,11.20
719,2018/08/22,10:00:00,0,10.079,11.20
720,2018/08/22,10:30:00,0,10.077,11.20
721,2018/08/22,11:00:00,0,10.076,11.20
722,2018/08/22,11:30:00,0,10.076,11.20
723,2018/08/22,12:00:00,0,10.074,11.20
724,2018/08/22,12:30:00,0,10.070,11.20
725,2018/08/22,13:00:00,0,10.067,11.20
726,2018/08/22,13:30:00,0,10.064,11.20
727,2018/08/22,14:00:00,0,10.062,11.20
728,2018/08/22,14:30:00,0,10.058,11.20
729,2018/08/22,15:00:00,0,10.053,11.20
730,2018/08/22,15:30:00,0,10.050,11.20
731,2018/08/22,16:00:00,0,10.047,11.20
732,2018/08/22,16:30:00,0,10.044,11.20
733,2018/08/22,17:00:00,0,10.041,11.20
734,2018/08/22,17:30:00,0,10.040,11.20
735,2018/08/22,18:00:00,0,10.038,11.20
736,2018/08/22,18:30:00,0,10.037,11.20
737,2018/08/22,19:00:00,0,10.035,11.20
738,2018/08/22,19:30:00,0,10.034,11.20
739,2018/08/22,20:00:00,0,10.032,11.20
740,2018/08/22,20:30:00,0,10.032,11.20
741,2018/08/22,21:00:00,0,10.032,11.20
742,2018/08/22,21:30:00,0,10.032,11.20
743,2018/08/22,22:00:00,0,10.032,11.20
744,2018/08/22,22:30:00,0,10.031,11.20
745,2018/08/22,23:00:00,0,10.029,11.20
746,2018/08/22,23:30:00,0,10.029,11.20
747,2018/08/23,00:00:00,0,10.028,11.20
748,2018/08/23,00:30:00,0,10.026,11.20
749,2018/08/23,01:00:00,0,10.025,11.20
750,2018/08/23,01:30:00,0,10.023,11.20
751,2018/08/23,02:00:00,0,10.023,11.20
752,2018/08/23,02:30:00,0,10.022,11.20
753,2018/08/23,03:00:00,0,10.022,11.20
754,2018/08/23,03:30:00,0,10.020,11.20
755,2018/08/23,04:00:00,0,10.020,11.20
756,2018/08/23,04:30:00,0,10.019,11.20
757,2018/08/23,05:00:00,0,10.016,11.20
758,2018/08/23,05:30:00,0,10.016,11.20
759,2018/08/23,06:00:00,0,10.014,11.20
760,2018/08/23,06:30:00,0,10.013,11.20
761,2018/08/23,07:00:00,0,10.013,11.20
762,2018/08/23,07:30:00,0,10.013,11.20
763,2018/08/23,08:00:00,0,10.013,11.20
764,2018/08/23,08:30:00,0,10.011,11.20
765,2018/08/23,09:00:00,0,10.010,11.20
766,2018/08/23,09:30:00,0,10.007,11.20
767,2018/08/23,10:00:00,0,10.005,11.20
768,2018/08/23,10:30:00,0,10.002,11.20
769,2018/08/23,11:00:00,0,10.001,11.20
770,2018/08/23,11:30:00,0,9.999,11.20
771,2018/08/23,12:00:00,0,9.998,11.20
772,2018/08/23,12:30:00,0,9.995,11.20
773,2018/08/23,13:00:00,0,9.992,11.20
774,2018/08/23,13:30:00,0,9.987,11.20
775,2018/08/23,14:00:00,0,9.987,11.20
776,2018/08/23,14:30:00,0,9.986,11.20
777,2018/08/23,15:00:00,0,9.984,11.20
778,2018/08/23,15:30:00,0,9.981,11.20
779,2018/08/23,16:00:00,0,9.978,11.20
780,2018/08/23,16:30:00,0,9.977,11.20
781,2018/08/23,17:00:00,0,9.975,11.20
782,2018/08/23,17:30:00,0,9.974,11.20
783,2018/08/23,18:00:00,0,9.974,11.20
784,2018/08/23,18:30:00,0,9.974,11.20
785,2018/08/23,19:00:00,0,9.972,11.20
786,2018/08/23,19:30:00,0,9.972,11.20
787,2018/08/23,20:00:00,0,9.971,11.20
788,2018/08/23,20:30:00,0,9.971,11.20
789,2018/08/23,21:00:00,0,9.972,11.20
790,2018/08/23,21:30:00,0,9.972,11.20
791,2018/08/23,22:00:00,0,9.971,11.20
792,2018/08/23,22:30:00,0,9.969,11.20
793,2018/08/23,23:00:00,0,9.968,11.20
794,2018/08/23,23:30:00,0,9.963,11.20
795,2018/08/24,00:00:00,0,9.962,11.20
796,2018/08/24,00:30:00,0,9.959,11.20
797,2018/08/24,01:00:00,0,9.957,11.20
798,2018/08/24,01:30:00,0,9.953,11.20
799,2018/08/24,02:00:00,0,9.947,11.20
800,2018/08/24,02:30:00,0,9.947,11.20
801,2018/08/24,03:00:00,0,9.945,11.20
802,2018/08/24,03:30:00,0,9.945,11.20
803,2018/08/24,04:00:00,0,9.941,11.20
804,2018/08/24,04:30:00,0,9.944,11.20
805,2018/08/24,05:00:00,0,9.935,11.20
806,2018/08/24,05:30:00,0,9.939,11.20
807,2018/08/24,06:00:00,0,9.938,11.20
808,2018/08/24,06:30:00,0,9.936,11.20
809,2018/08/24,07:00:00,0,9.932,11.20
810,2018/08/24,07:30:00,0,9.936,11.20
811,2018/08/24,08:00:00,0,9.936,11.20
812,2018/08/24,08:30:00,0,9.939,11.20
813,2018/08/24,09:00:00,0,9.944,11.20
814,2018/08/24,09:30:00,0,9.950,11.20
815,2018/08/24,10:00:00,0,9.951,11.20
816,2018/08/24,10:30:00,0,9.953,11.20
817,2018/08/24,11:00:00,0,9.954,11.20
818,2018/08/24,11:30:00,0,9.953,11.20
819,2018/08/24,12:00:00,0,9.950,11.20
820,2018/08/24,12:30:00,0,9.950,11.20
821,2018/08/24,13:00:00,0,9.956,11.20
822,2018/08/24,13:30:00,0,9.959,11.20
823,2018/08/24,14:00:00,0,9.960,11.20
824,2018/08/24,14:30:00,0,9.960,11.20
825,2018/08/24,15:00:00,0,9.963,11.20
826,2018/08/24,15:30:00,0,9.966,11.20
827,2018/08/24,16:00:00,0,9.968,11.20
828,2018/08/24,16:30:00,0,9.969,11.20
829,2018/08/24,17:00:00,0,9.972,11.20
830,2018/08/24,17:30:00,0,9.977,11.20
831,2018/08/24,18:00:00,0,9.978,11.20
832,2018/08/24,18:30:00,0,9.983,11.20
833,2018/08/24,19:00:00,0,9.989,11.20
834,2018/08/24,19:30:00,0,9.990,11.20
835,2018/08/24,20:00:00,0,9.993,11.20
836,2018/08/24,20:30:00,0,9.999,11.20
837,2018/08/24,21:00:00,0,10.004,11.20
838,2018/08/24,21:30:00,0,10.007,11.20
839,2018/08/24,22:00:00,0,10.010,11.20
840,2018/08/24,22:30:00,0,10.014,11.20
841,2018/08/24,23:00:00,0,10.017,11.20
842,2018/08/24,23:30:00,0,10.019,11.20
843,2018/08/25,00:00:00,0,10.020,11.20
844,2018/08/25,00:30:00,0,10.020,11.20
845,2018/08/25,01:00:00,0,10.023,11.20
846,2018/08/25,01:30:00,0,10.025,11.20
847,2018/08/25,02:00:00,0,10.026,11.20
848,2018/08/25,02:30:00,0,10.026,11.20
849,2018/08/25,03:00:00,0,10.029,11.20
850,2018/08/25,03:30:00,0,10.031,11.20
851,2018/08/25,04:00:00,0,10.032,11.20
852,2018/08/25,04:30:00,0,10.032,11.20
853,2018/08/25,05:00:00,0,10.034,11.20
854,2018/08/25,05:30:00,0,10.035,11.20
855,2018/08/25,06:00:00,0,10.035,11.20
856,2018/08/25,06:30:00,0,10.037,11.20
857,2018/08/25,07:00:00,0,10.040,11.20
858,2018/08/25,07:30:00,0,10.044,11.20
859,2018/08/25,08:00:00,0,10.047,11.20
860,2018/08/25,08:30:00,0,10.049,11.20
861,2018/08/25,09:00:00,0,10.050,11.20
862,2018/08/25,09:30:00,0,10.050,11.20
863,2018/08/25,10:00:00,0,10.052,11.20
864,2018/08/25,10:30:00,0,10.052,11.20
865,2018/08/25,11:00:00,0,10.055,11.20
866,2018/08/25,11:30:00,0,10.053,11.20
867,2018/08/25,12:00:00,0,10.050,11.20
868,2018/08/25,12:30:00,0,10.052,11.20
869,2018/08/25,13:00:00,0,10.049,11.20
870,2018/08/25,13:30:00,0,10.050,11.20
871,2018/08/25,14:00:00,0,10.049,11.20
872,2018/08/25,14:30:00,0,10.050,11.20
873,2018/08/25,15:00:00,0,10.049,11.20
874,2018/08/25,15:30:00,0,10.050,11.20
875,2018/08/25,16:00:00,0,10.050,11.20
876,2018/08/25,16:30:00,0,10.053,11.20
877,2018/08/25,17:00:00,0,10.053,11.20
878,2018/08/25,17:30:00,0,10.050,11.20
879,2018/08/25,18:00:00,0,10.047,11.20
880,2018/08/25,18:30:00,0,10.046,11.20
881,2018/08/25,19:00:00,0,10.050,11.20
882,2018/08/25,19:30:00,0,10.052,11.20
883,2018/08/25,20:00:00,0,10.058,11.20
884,2018/08/25,20:30:00,0,10.052,11.20
885,2018/08/25,21:00:00,0,10.053,11.20
886,2018/08/25,21:30:00,0,10.055,11.20
887,2018/08/25,22:00:00,0,10.058,11.20
888,2018/08/25,22:30:00,0,10.058,11.20
889,2018/08/25,23:00:00,0,10.061,11.20
890,2018/08/25,23:30:00,0,10.062,11.20
891,2018/08/26,00:00:00,0,10.062,11.20
892,2018/08/26,00:30:00,0,10.061,11.20
893,2018/08/26,01:00:00,0,10.059,11.20
894,2018/08/26,01:30:00,0,10.058,11.20
895,2018/08/26,02:00:00,0,10.056,11.20
896,2018/08/26,02:30:00,0,10.053,11.20
897,2018/08/26,03:00:00,0,10.052,11.20
898,2018/08/26,03:30:00,0,10.056,11.20
899,2018/08/26,04:00:00,0,10.061,11.20
900,2018/08/26,04:30:00,0,10.059,11.20
901,2018/08/26,05:00:00,0,10.061,11.20
902,2018/08/26,05:30:00,0,10.043,11.20
903,2018/08/26,06:00:00,0,10.047,11.20
904,2018/08/26,06:30:00,0,10.044,11.20
905,2018/08/26,07:00:00,0,10.049,11.20
906,2018/08/26,07:30:00,0,10.049,11.20
907,2018/08/26,08:00:00,0,10.043,11.20
908,2018/08/26,08:30:00,0,10.043,11.20
909,2018/08/26,09:00:00,0,10.047,11.20
910,2018/08/26,09:30:00,0,10.046,11.20
911,2018/08/26,10:00:00,0,10.047,11.20
912,2018/08/26,10:30:00,0,10.046,11.20
913,2018/08/26,11:00:00,0,10.043,11.20
914,2018/08/26,11:30:00,0,10.038,11.20
915,2018/08/26,12:00:00,0,10.035,11.20
916,2018/08/26,12:30:00,0,10.041,11.20
917,2018/08/26,13:00:00,0,10.043,11.20
918,2018/08/26,13:30:00,0,10.046,11.20
919,2018/08/26,14:00:00,0,10.055,11.20
920,2018/08/26,14:30:00,0,10.062,11.20
921,2018/08/26,15:00:00,0,10.011,11.20
922,2018/08/26,15:30:00,0,10.011,11.20
923,2018/08/26,16:00:00,0,9.999,11.20
924,2018/08/26,16:30:00,0,9.996,11.20
925,2018/08/26,17:00:00,0,10.013,11.20
926,2018/08/26,17:30:00,0,10.017,11.20
927,2018/08/26,18:00:00,0,10.038,11.20
928,2018/08/26,18:30:00,0,10.032,11.20
929,2018/08/26,19:00:00,0,10.038,11.20
930,2018/08/26,19:30:00,0,10.046,11.20
931,2018/08/26,20:00:00,0,10.047,11.20
932,2018/08/26,20:30:00,0,10.041,11.20
933,2018/08/26,21:00:00,0,10.032,11.20
934,2018/08/26,21:30:00,0,10.037,11.20
935,2018/08/26,22:00:00,0,10.034,11.20
936,2018/08/26,22:30:00,0,10.026,11.20
937,2018/08/26,23:00:00,0,10.014,11.20
938,2018/08/26,23:30:00,0,10.004,11.20
939,2018/08/27,00:00:00,0,10.005,11.20
940,2018/08/27,00:30:00,0,10.010,11.20
941,2018/08/27,01:00:00,0,10.010,11.30
942,2018/08/27,01:30:00,0,9.998,11.30
943,2018/08/27,02:00:00,0,9.995,11.30
944,2018/08/27,02:30:00,0,9.990,11.30
945,2018/08/27,03:00:00,0,10.004,11.30
946,2018/08/27,03:30:00,0,9.993,11.30
947,2018/08/27,04:00:00,0,9.995,11.30
948,2018/08/27,04:30:00,0,9.999,11.30
949,2018/08/27,05:00:00,0,9.999,11.30
950,2018/08/27,05:30:00,0,10.002,11.30
951,2018/08/27,06:00:00,0,10.011,11.30
952,2018/08/27,06:30:00,0,10.019,11.30
953,2018/08/27,07:00:00,0,10.026,11.30
954,2018/08/27,07:30:00,0,10.031,11.30
955,2018/08/27,08:00:00,0,10.034,11.30
956,2018/08/27,08:30:00,0,10.037,11.30
957,2018/08/27,09:00:00,0,10.041,11.30
958,2018/08/27,09:30:00,0,10.046,11.30
959,2018/08/27,10:00:00,0,10.049,11.30
960,2018/08/27,10:30:00,0,10.055,11.30
961,2018/08/27,11:00:00,0,10.058,11.30
962,2018/08/27,11:30:00,0,10.065,11.30
963,2018/08/27,12:00:00,0,10.067,11.30
964,2018/08/27,12:30:00,0,10.068,11.30
965,2018/08/27,13:00:00,0,10.068,11.30
966,2018/08/27,13:30:00,0,10.070,11.30
967,2018/08/27,14:00:00,0,10.068,11.30
968,2018/08/27,14:30:00,0,10.068,11.30
969,2018/08/27,15:00:00,0,10.071,11.30
970,2018/08/27,15:30:00,0,10.068,11.30
971,2018/08/27,16:00:00,0,10.058,11.30
972,2018/08/27,16:30:00,0,10.041,11.30
973,2018/08/27,17:00:00,0,10.052,11.30
974,2018/08/27,17:30:00,0,10.058,11.30
975,2018/08/27,18:00:00,0,10.071,11.30
976,2018/08/27,18:30:00,0,10.070,11.30
977,2018/08/27,19:00:00,0,10.058,11.30
978,2018/08/27,19:30:00,0,10.058,11.30
979,2018/08/27,20:00:00,0,10.053,11.30
980,2018/08/27,20:30:00,0,10.056,11.30
981,2018/08/27,21:00:00,0,10.067,11.30
982,2018/08/27,21:30:00,0,10.068,11.30
983,2018/08/27,22:00:00,0,10.070,11.30
984,2018/08/27,22:30:00,0,10.070,11.30
985,2018/08/27,23:00:00,0,10.074,11.30
986,2018/08/27,23:30:00,0,10.073,11.30
987,2018/08/28,00:00:00,0,10.110,11.30
988,2018/08/28,00:30:00,0,10.086,11.30
989,2018/08/28,01:00:00,0,10.098,11.30
990,2018/08/28,01:30:00,0,10.082,11.30
991,2018/08/28,02:00:00,0,10.088,11.30
992,2018/08/28,02:30:00,0,10.091,11.30
993,2018/08/28,03:00:00,0,10.091,11.30
994,2018/08/28,03:30:00,0,10.095,11.30
995,2018/08/28,04:00:00,0,10.103,11.30
996,2018/08/28,04:30:00,0,10.109,11.30
997,2018/08/28,05:00:00,0,10.113,11.30
998,2018/08/28,05:30:00,0,10.115,11.30
999,2018/08/28,06:00:00,0,10.118,11.30
1000,2018/08/28,06:30:00,0,10.127,11.30
1001,2018/08/28,07:00:00,0,10.130,11.30
1002,2018/08/28,07:30:00,0,10.131,11.30
1003,2018/08/28,08:00:00,0,10.134,11.30
1004,2018/08/28,08:30:00,0,10.133,11.30
1005,2018/08/28,09:00:00,0,10.134,11.30
1006,2018/08/28,09:30:00,0,10.134,11.30
1007,2018/08/28,10:00:00,0,10.137,11.30
1008,2018/08/28,10:30:00,0,10.136,11.30
1009,2018/08/28,11:00:00,0,10.139,11.30
1010,2018/08/28,11:30:00,0,10.139,11.30
1011,2018/08/28,12:00:00,0,10.148,11.30
1012,2018/08/28,12:30:00,0,10.151,11.30
1013,2018/08/28,13:00:00,0,10.152,11.30
1014,2018/08/28,13:30:00,0,10.151,11.30
1015,2018/08/28,14:00:00,0,9.819,13.70
1016,2018/08/28,14:30:00,0,10.166,11.60
1017,2018/08/28,15:00:00,0,10.158,11.50
1018,2018/08/28,15:30:00,0,10.155,11.50
1019,2018/08/28,16:00:00,0,10.155,11.40
1020,2018/08/28,16:30:00,0,10.157,11.40
1021,2018/08/28,17:00:00,0,10.157,11.40
1022,2018/08/28,17:30:00,0,10.158,11.40
1023,2018/08/28,18:00:00,0,10.166,11.40
1024,2018/08/28,18:30:00,0,10.166,11.40
1025,2018/08/28,19:00:00,0,10.166,11.40
1026,2018/08/28,19:30:00,0,10.161,11.40
1027,2018/08/28,20:00:00,0,10.167,11.40
1028,2018/08/28,20:30:00,0,10.170,11.40
1029,2018/08/28,21:00:00,0,10.175,11.40
1030,2018/08/28,21:30:00,0,10.176,11.40
1031,2018/08/28,22:00:00,0,10.175,11.40
1032,2018/08/28,22:30:00,0,10.172,11.40
1033,2018/08/28,23:00:00,0,10.173,11.40
1034,2018/08/28,23:30:00,0,10.170,11.40
1035,2018/08/29,00:00:00,0,10.169,11.40
1036,2018/08/29,00:30:00,0,10.175,11.40
1037,2018/08/29,01:00:00,0,10.170,11.40
1038,2018/08/29,01:30:00,0,10.172,11.40
1039,2018/08/29,02:00:00,0,10.172,11.40
1040,2018/08/29,02:30:00,0,10.172,11.40
1041,2018/08/29,03:00:00,0,10.173,11.40
1042,2018/08/29,03:30:00,0,10.175,11.40
1043,2018/08/29,04:00:00,0,10.175,11.40
1044,2018/08/29,04:30:00,0,10.176,11.40
1045,2018/08/29,05:00:00,0,10.178,11.40
1046,2018/08/29,05:30:00,0,10.178,11.40
1047,2018/08/29,06:00:00,0,10.178,11.40
1048,2018/08/29,06:30:00,0,10.182,11.40
1049,2018/08/29,07:00:00,0,10.187,11.40
1050,2018/08/29,07:30:00,0,10.188,11.40
1051,2018/08/29,08:00:00,0,10.191,11.40
1052,2018/08/29,08:30:00,0,10.196,11.40
1053,2018/08/29,09:00:00,0,10.199,11.40
1054,2018/08/29,09:30:00,0,10.200,11.40
1055,2018/08/29,10:00:00,0,10.199,11.40
1056,2018/08/29,10:30:00,0,10.200,11.40
1057,2018/08/29,11:00:00,0,10.202,11.40
1058,2018/08/29,11:30:00,0,10.202,11.40
1059,2018/08/29,12:00:00,0,10.200,11.40
1060,2018/08/29,12:30:00,0,10.200,11.40
1061,2018/08/29,13:00:00,0,10.197,11.40
1062,2018/08/29,13:30:00,0,10.196,11.40
1063,2018/08/29,14:00:00,0,9.959,13.30
1064,2018/08/29,14:30:00,0,10.191,12.00
1065,2018/08/29,15:00:00,0,10.190,11.70
1066,2018/08/29,15:30:00,0,10.190,11.60
1067,2018/08/29,16:00:00,0,10.188,11.60
1068,2018/08/29,16:30:00,0,10.188,11.50
1069,2018/08/29,17:00:00,0,10.188,11.50
1070,2018/08/29,17:30:00,0,10.188,11.50
1071,2018/08/29,18:00:00,0,10.188,11.50
1072,2018/08/29,18:30:00,0,10.188,11.50
1073,2018/08/29,19:00:00,0,10.187,11.50
1074,2018/08/29,19:30:00,0,10.188,11.50
1075,2018/08/29,20:00:00,0,10.188,11.50
1076,2018/08/29,20:30:00,0,10.190,11.50
1077,2018/08/29,21:00:00,0,10.193,11.50
1078,2018/08/29,21:30:00,0,10.194,11.40
1079,2018/08/29,22:00:00,0,10.196,11.40
1080,2018/08/29,22:30:00,0,10.196,11.40
1081,2018/08/29,23:00:00,0,10.196,11.40
1082,2018/08/29,23:30:00,0,10.196,11.40
1083,2018/08/30,00:00:00,0,10.197,11.40
1084,2018/08/30,00:30:00,0,10.197,11.40
1085,2018/08/30,01:00:00,0,10.197,11.40
1086,2018/08/30,01:30:00,0,10.199,11.40
1087,2018/08/30,02:00:00,0,10.199,11.40
1088,2018/08/30,02:30:00,0,10.199,11.40
1089,2018/08/30,03:00:00,0,10.199,11.40
1090,2018/08/30,03:30:00,0,10.197,11.40
1091,2018/08/30,04:00:00,0,10.197,11.40
1092,2018/08/30,04:30:00,0,10.196,11.40
1093,2018/08/30,05:00:00,0,10.196,11.40
1094,2018/08/30,05:30:00,0,10.194,11.40
1095,2018/08/30,06:00:00,0,10.193,11.40
1096,2018/08/30,06:30:00,0,10.193,11.40
1097,2018/08/30,07:00:00,0,10.193,11.40
1098,2018/08/30,07:30:00,0,10.193,11.40
1099,2018/08/30,08:00:00,0,10.191,11.40
1100,2018/08/30,08:30:00,0,10.190,11.40
1101,2018/08/30,09:00:00,0,10.190,11.40
1102,2018/08/30,09:30:00,0,10.187,11.40
1103,2018/08/30,10:00:00,0,10.184,11.40
1104,2018/08/30,10:30:00,0,10.182,11.40
1105,2018/08/30,11:00:00,0,10.181,11.40
1106,2018/08/30,11:30:00,0,10.176,11.40
1107,2018/08/30,12:00:00,0,10.172,11.40
1108,2018/08/30,12:30:00,0,10.169,11.40
1109,2018/08/30,13:00:00,0,10.163,11.40
1110,2018/08/30,13:30:00,0,10.161,11.40
1111,2018/08/30,14:00:00,0,10.158,11.40
1112,2018/08/30,14:30:00,0,10.152,11.40
1113,2018/08/30,15:00:00,0,10.149,11.40
1114,2018/08/30,15:30:00,0,10.146,11.40
1115,2018/08/30,16:00:00,0,10.142,11.40
1116,2018/08/30,16:30:00,0,10.137,11.40
1117,2018/08/30,17:00:00,0,10.134,11.40
1118,2018/08/30,17:30:00,0,10.131,11.40
1119,2018/08/30,18:00:00,0,10.127,11.40
1120,2018/08/30,18:30:00,0,10.122,11.40
1121,2018/08/30,19:00:00,0,10.118,11.40
1122,2018/08/30,19:30:00,0,10.116,11.40
1123,2018/08/30,20:00:00,0,10.116,11.40
1124,2018/08/30,20:30:00,0,10.116,11.40
1125,2018/08/30,21:00:00,0,10.113,11.40
1126,2018/08/30,21:30:00,0,10.112,11.40
1127,2018/08/30,22:00:00,0,10.110,11.40
1128,2018/08/30,22:30:00,0,10.112,11.40
1129,2018/08/30,23:00:00,0,10.106,11.40
1130,2018/08/30,23:30:00,0,10.104,11.40
1131,2018/08/31,00:00:00,0,10.103,11.40
1132,2018/08/31,00:30:00,0,10.098,11.40
1133,2018/08/31,01:00:00,0,10.097,11.40
1134,2018/08/31,01:30:00,0,10.094,11.40
1135,2018/08/31,02:00:00,0,10.092,11.40
1136,2018/08/31,02:30:00,0,10.091,11.40
1137,2018/08/31,03:00:00,0,10.091,11.40
1138,2018/08/31,03:30:00,0,10.089,11.40
1139,2018/08/31,04:00:00,0,10.088,11.40
1140,2018/08/31,04:30:00,0,10.088,11.40
1141,2018/08/31,05:00:00,0,10.085,11.40
1142,2018/08/31,05:30:00,0,10.082,11.40
1143,2018/08/31,06:00:00,0,10.079,11.40
1144,2018/08/31,06:30:00,0,10.077,11.40
1145,2018/08/31,07:00:00,0,10.077,11.40
1146,2018/08/31,07:30:00,0,10.076,11.40
1147,2018/08/31,08:00:00,0,10.076,11.40
1148,2018/08/31,08:30:00,0,10.076,11.40
1149,2018/08/31,09:00:00,0,10.076,11.40
1150,2018/08/31,09:30:00,0,10.076,11.40
1151,2018/08/31,10:00:00,0,10.077,11.40
1152,2018/08/31,10:30:00,0,10.082,11.40
1153,2018/08/31,11:00:00,0,10.082,11.40
1154,2018/08/31,11:30:00,0,10.079,11.40
1155,2018/08/31,12:00:00,0,9.776,13.00
1156,2018/08/31,12:30:00,0,9.905,11.90
1157,2018/08/31,13:00:00,0,10.040,11.70
1158,2018/08/31,13:30:00,0,10.067,11.60
1159,2018/08/31,14:00:00,0,10.064,11.50
1160,2018/08/31,14:30:00,0,10.058,11.50
1161,2018/08/31,15:00:00,0,10.052,11.50
1162,2018/08/31,15:30:00,0,10.058,11.50
1163,2018/08/31,16:00:00,0,10.062,11.40
1164,2018/08/31,16:30:00,0,10.061,11.40
1165,2018/08/31,17:00:00,0,10.061,11.40
1166,2018/08/31,17:30:00,0,10.058,11.40
1167,2018/08/31,18:00:00,0,10.058,11.40
1168,2018/08/31,18:30:00,0,10.055,11.40
1169,2018/08/31,19:00:00,0,10.052,11.40
1170,2018/08/31,19:30:00,0,10.053,11.40
1171,2018/08/31,20:00:00,0,10.049,11.40
1172,2018/08/31,20:30:00,0,10.044,11.40
1173,2018/08/31,21:00:00,0,10.055,11.40
1174,2018/08/31,21:30:00,0,10.053,11.40
1175,2018/08/31,22:00:00,0,10.064,11.40
1176,2018/08/31,22:30:00,0,10.064,11.40
1177,2018/08/31,23:00:00,0,10.070,11.40
1178,2018/08/31,23:30:00,0,10.071,11.40
1179,2018/09/01,00:00:00,0,10.068,11.40
1180,2018/09/01,00:30:00,0,10.070,11.40
1181,2018/09/01,01:00:00,0,10.068,11.40
1182,2018/09/01,01:30:00,0,10.071,11.40
1183,2018/09/01,02:00:00,0,10.070,11.40
1184,2018/09/01,02:30:00,0,10.071,11.40
1185,2018/09/01,03:00:00,0,10.073,11.40
1186,2018/09/01,03:30:00,0,10.073,11.40
1187,2018/09/01,04:00:00,0,10.071,11.40
1188,2018/09/01,04:30:00,0,10.071,11.40
1189,2018/09/01,05:00:00,0,10.073,11.40
1190,2018/09/01,05:30:00,0,10.079,11.40
1191,2018/09/01,06:00:00,0,10.082,11.40
1192,2018/09/01,06:30:00,0,10.083,11.40
1193,2018/09/01,07:00:00,0,10.085,11.40
1194,2018/09/01,07:30:00,0,10.088,11.40
1195,2018/09/01,08:00:00,0,10.092,11.40
1196,2018/09/01,08:30:00,0,10.097,11.30
1197,2018/09/01,09:00:00,0,10.098,11.30
1198,2018/09/01,09:30:00,0,10.101,11.30
1199,2018/09/01,10:00:00,0,10.104,11.30
1200,2018/09/01,10:30:00,0,10.107,11.30
1201,2018/09/01,11:00:00,0,10.109,11.30
1202,2018/09/01,11:30:00,0,10.109,11.30
1203,2018/09/01,12:00:00,0,10.109,11.30
1204,2018/09/01,12:30:00,0,10.107,11.30
1205,2018/09/01,13:00:00,0,10.106,11.30
1206,2018/09/01,13:30:00,0,10.103,11.30
1207,2018/09/01,14:00:00,0,10.100,11.30
1208,2018/09/01,14:30:00,0,10.100,11.30
1209,2018/09/01,15:00:00,0,10.097,11.30
1210,2018/09/01,15:30:00,0,10.094,11.30
1211,2018/09/01,16:00:00,0,10.094,11.30
1212,2018/09/01,16:30:00,0,10.091,11.30
1213,2018/09/01,17:00:00,0,10.091,11.30
1214,2018/09/01,17:30:00,0,10.092,11.30
1215,2018/09/01,18:00:00,0,10.094,11.30
1216,2018/09/01,18:30:00,0,10.097,11.30
1217,2018/09/01,19:00:00,0,10.095,11.30
1218,2018/09/01,19:30:00,0,10.095,11.30
1219,2018/09/01,20:00:00,0,10.094,11.30
1220,2018/09/01,20:30:00,0,10.098,11.30
1221,2018/09/01,21:00:00,0,10.098,11.30
1222,2018/09/01,21:30:00,0,10.098,11.30
1223,2018/09/01,22:00:00,0,10.098,11.30
1224,2018/09/01,22:30:00,0,10.097,11.30
1225,2018/09/01,23:00:00,0,10.095,11.30
1226,2018/09/01,23:30:00,0,10.091,11.30
1227,2018/09/02,00:00:00,0,10.091,11.30
1228,2018/09/02,00:30:00,0,10.089,11.30
1229,2018/09/02,01:00:00,0,10.094,11.30
1230,2018/09/02,01:30:00,0,10.089,11.30
1231,2018/09/02,02:00:00,0,10.088,11.30
1232,2018/09/02,02:30:00,0,10.083,11.30
1233,2018/09/02,03:00:00,0,10.103,11.30
1234,2018/09/02,03:30:00,0,10.101,11.30
1235,2018/09/02,04:00:00,0,10.095,11.30
1236,2018/09/02,04:30:00,0,10.092,11.30
1237,2018/09/02,05:00:00,0,10.089,11.30
1238,2018/09/02,05:30:00,0,10.085,11.30
1239,2018/09/02,06:00:00,0,10.079,11.30
1240,2018/09/02,06:30:00,0,10.077,11.30
1241,2018/09/02,07:00:00,0,10.085,11.30
1242,2018/09/02,07:30:00,0,10.088,11.30
1243,2018/09/02,08:00:00,0,10.082,11.30
1244,2018/09/02,08:30:00,0,10.076,11.30
1245,2018/09/02,09:00:00,0,10.079,11.30
1246,2018/09/02,09:30:00,0,10.086,11.30
1247,2018/09/02,10:00:00,0,10.089,11.30
1248,2018/09/02,10:30:00,0,10.088,11.30
1249,2018/09/02,11:00:00,0,10.092,11.30
1250,2018/09/02,11:30:00,0,10.095,11.30
1251,2018/09/02,12:00:00,0,10.100,11.30
1252,2018/09/02,12:30:00,0,10.107,11.30
1253,2018/09/02,13:00:00,0,10.112,11.30
1254,2018/09/02,13:30:00,0,10.116,11.30
1255,2018/09/02,14:00:00,0,10.121,11.30
1256,2018/09/02,14:30:00,0,10.124,11.30
1257,2018/09/02,15:00:00,0,10.127,11.30
1258,2018/09/02,15:30:00,0,10.127,11.30
1259,2018/09/02,16:00:00,0,10.128,11.30
1260,2018/09/02,16:30:00,0,10.131,11.30
1261,2018/09/02,17:00:00,0,10.136,11.30
1262,2018/09/02,17:30:00,0,10.137,11.30
1263,2018/09/02,18:00:00,0,10.139,11.30
1264,2018/09/02,18:30:00,0,10.140,11.30
1265,2018/09/02,19:00:00,0,10.142,11.30
1266,2018/09/02,19:30:00,0,10.146,11.30
1267,2018/09/02,20:00:00,0,10.151,11.30
1268,2018/09/02,20:30:00,0,10.158,11.30
1269,2018/09/02,21:00:00,0,10.161,11.30
1270,2018/09/02,21:30:00,0,10.166,11.30
1271,2018/09/02,22:00:00,0,10.167,11.30
1272,2018/09/02,22:30:00,0,10.170,11.30
1273,2018/09/02,23:00:00,0,10.173,11.30
1274,2018/09/02,23:30:00,0,10.176,11.30
1275,2018/09/03,00:00:00,0,10.178,11.30
1276,2018/09/03,00:30:00,0,10.181,11.30
1277,2018/09/03,01:00:00,0,10.185,11.30
1278,2018/09/03,01:30:00,0,10.187,11.30
1279,2018/09/03,02:00:00,0,10.188,11.30
1280,2018/09/03,02:30:00,0,10.187,11.30
1281,2018/09/03,03:00:00,0,10.191,11.30
1282,2018/09/03,03:30:00,0,10.196,11.30
1283,2018/09/03,04:00:00,0,10.197,11.30
1284,2018/09/03,04:30:00,0,10.199,11.30
1285,2018/09/03,05:00:00,0,10.200,11.30
1286,2018/09/03,05:30:00,0,10.205,11.30
1287,2018/09/03,06:00:00,0,10.205,11.30
1288,2018/09/03,06:30:00,0,10.209,11.30
1289,2018/09/03,07:00:00,0,10.211,11.30
1290,2018/09/03,07:30:00,0,10.215,11.30
1291,2018/09/03,08:00:00,0,10.215,11.30
1292,2018/09/03,08:30:00,0,10.217,11.30
1293,2018/09/03,09:00:00,0,10.220,11.30
1294,2018/09/03,09:30:00,0,10.220,11.30
1295,2018/09/03,10:00:00,0,10.218,11.30
1296,2018/09/03,10:30:00,0,10.217,11.30
1297,2018/09/03,11:00:00,0,10.215,11.30
1298,2018/09/03,11:30:00,0,10.215,11.30
1299,2018/09/03,12:00:00,0,10.212,11.30
1300,2018/09/03,12:30:00,0,10.208,11.30
1301,2018/09/03,13:00:00,0,10.205,11.30
1302,2018/09/03,13:30:00,0,10.202,11.30
1303,2018/09/03,14:00:00,0,10.200,11.30
1304,2018/09/03,14:30:00,0,10.197,11.30
1305,2018/09/03,15:00:00,0,10.193,11.30
1306,2018/09/03,15:30:00,0,10.190,11.30
1307,2018/09/03,16:00:00,0,10.188,11.30
1308,2018/09/03,16:30:00,0,10.187,11.30
1309,2018/09/03,17:00:00,0,10.184,11.30
1310,2018/09/03,17:30:00,0,10.185,11.30
1311,2018/09/03,18:00:00,0,10.184,11.30
1312,2018/09/03,18:30:00,0,10.181,11.30
1313,2018/09/03,19:00:00,0,10.178,11.30
1314,2018/09/03,19:30:00,0,10.176,11.30
1315,2018/09/03,20:00:00,0,10.176,11.30
1316,2018/09/03,20:30:00,0,10.176,11.30
1317,2018/09/03,21:00:00,0,10.176,11.30
1318,2018/09/03,21:30:00,0,10.176,11.30
1319,2018/09/03,22:00:00,0,10.173,11.30
1320,2018/09/03,22:30:00,0,10.173,11.30
1321,2018/09/03,23:00:00,0,10.170,11.30
1322,2018/09/03,23:30:00,0,10.167,11.30
1323,2018/09/04,00:00:00,0,10.166,11.30
1324,2018/09/04,00:30:00,0,10.166,11.30
1325,2018/09/04,01:00:00,0,10.163,11.30
1326,2018/09/04,01:30:00,0,10.161,11.30
1327,2018/09/04,02:00:00,0,10.158,11.30
1328,2018/09/04,02:30:00,0,10.155,11.30
1329,2018/09/04,03:00:00,0,10.157,11.30
1330,2018/09/04,03:30:00,0,10.154,11.30
1331,2018/09/04,04:00:00,0,10.152,11.30
1332,2018/09/04,04:30:00,0,10.149,11.30
1333,2018/09/04,05:00:00,0,10.148,11.30
1334,2018/09/04,05:30:00,0,10.145,11.30
1335,2018/09/04,06:00:00,0,10.142,11.30
1336,2018/09/04,06:30:00,0,10.140,11.30
1337,2018/09/04,07:00:00,0,10.139,11.30
1338,2018/09/04,07:30:00,0,10.140,11.30
1339,2018/09/04,08:00:00,0,10.160,11.30
1340,2018/09/04,08:30:00,0,10.190,11.30
1341,2018/09/04,09:00:00,0,10.196,11.30
1342,2018/09/04,09:30:00,0,10.200,11.30
1343,2018/09/04,10:00:00,0,10.205,11.30
1344,2018/09/04,10:30:00,0,10.205,11.30
1345,2018/09/04,11:00:00,0,10.208,11.30
1346,2018/09/04,11:30:00,0,10.214,11.30
1347,2018/09/04,12:00:00,0,10.217,11.30
1348,2018/09/04,12:30:00,0,10.214,11.30
1349,2018/09/04,13:00:00,0,10.209,11.30
1350,2018/09/04,13:30:00,0,10.205,11.30
1351,2018/09/04,14:00:00,0,10.205,11.30
1352,2018/09/04,14:30:00,0,10.205,11.30
1353,2018/09/04,15:00:00,0,10.208,11.30
1354,2018/09/04,15:30:00,0,10.206,11.30
1355,2018/09/04,16:00:00,0,10.208,11.30
1356,2018/09/04,16:30:00,0,10.206,11.30
1357,2018/09/04,17:00:00,0,10.206,11.30
1358,2018/09/04,17:30:00,0,10.206,11.30
1359,2018/09/04,18:00:00,0,10.208,11.30
1360,2018/09/04,18:30:00,0,10.208,11.30
1361,2018/09/04,19:00:00,0,10.208,11.30
1362,2018/09/04,19:30:00,0,10.211,11.30
1363,2018/09/04,20:00:00,0,10.212,11.30
1364,2018/09/04,20:30:00,0,10.215,11.30
1365,2018/09/04,21:00:00,0,10.217,11.30
1366,2018/09/04,21:30:00,0,10.223,11.30
1367,2018/09/04,22:00:00,0,10.224,11.30
1368,2018/09/04,22:30:00,0,10.227,11.30
1369,2018/09/04,23:00:00,0,10.230,11.30
1370,2018/09/04,23:30:00,0,10.233,11.30
1371,2018/09/05,00:00:00,0,10.236,11.30
1372,2018/09/05,00:30:00,0,10.236,11.30
1373,2018/09/05,01:00:00,0,10.238,11.30
1374,2018/09/05,01:30:00,0,10.239,11.30
1375,2018/09/05,02:00:00,0,10.241,11.30
1376,2018/09/05,02:30:00,0,10.244,11.30
1377,2018/09/05,03:00:00,0,10.245,11.30
1378,2018/09/05,03:30:00,0,10.247,11.30
1379,2018/09/05,04:00:00,0,10.250,11.30
1380,2018/09/05,04:30:00,0,10.253,11.30
1381,2018/09/05,05:00:00,0,10.259,11.30
1382,2018/09/05,05:30:00,0,10.263,11.30
1383,2018/09/05,06:00:00,0,10.269,11.30
1384,2018/09/05,06:30:00,0,10.272,11.30
1385,2018/09/05,07:00:00,0,10.277,11.30
1386,2018/09/05,07:30:00,0,10.280,11.30
1387,2018/09/05,08:00:00,0,10.284,11.30
1388,2018/09/05,08:30:00,0,10.287,11.30
1389,2018/09/05,09:00:00,0,10.290,11.30
1390,2018/09/05,09:30:00,0,10.293,11.30
1391,2018/09/05,10:00:00,0,10.298,11.30
1392,2018/09/05,10:30:00,0,10.299,11.30
1393,2018/09/05,11:00:00,0,10.302,11.30
1394,2018/09/05,11:30:00,0,10.304,11.30
1395,2018/09/05,12:00:00,0,10.304,11.30
1396,2018/09/05,12:30:00,0,10.304,11.30
1397,2018/09/05,13:00:00,0,10.305,11.30
1398,2018/09/05,13:30:00,0,10.304,11.30
1399,2018/09/05,14:00:00,0,10.302,11.30
1400,2018/09/05,14:30:00,0,10.301,11.30
1401,2018/09/05,15:00:00,0,10.301,11.30
1402,2018/09/05,15:30:00,0,10.301,11.30
1403,2018/09/05,16:00:00,0,10.301,11.30
1404,2018/09/05,16:30:00,0,10.301,11.30
1405,2018/09/05,17:00:00,0,10.301,11.30
1406,2018/09/05,17:30:00,0,10.302,11.30
1407,2018/09/05,18:00:00,0,10.304,11.30
1408,2018/09/05,18:30:00,0,10.307,11.30
1409,2018/09/05,19:00:00,0,10.307,11.30
1410,2018/09/05,19:30:00,0,10.308,11.30
1411,2018/09/05,20:00:00,0,10.311,11.30
1412,2018/09/05,20:30:00,0,10.316,11.30
1413,2018/09/05,21:00:00,0,10.319,11.30
1414,2018/09/05,21:30:00,0,10.322,11.30
1415,2018/09/05,22:00:00,0,10.323,11.30
1416,2018/09/05,22:30:00,0,10.325,11.30
1417,2018/09/05,23:00:00,0,10.326,11.30
1418,2018/09/05,23:30:00,0,10.328,11.30
1419,2018/09/06,00:00:00,0,10.329,11.30
1420,2018/09/06,00:30:00,0,10.335,11.40
1421,2018/09/06,01:00:00,0,10.337,11.40
1422,2018/09/06,01:30:00,0,10.340,11.40
1423,2018/09/06,02:00:00,0,10.338,11.40
1424,2018/09/06,02:30:00,0,10.338,11.40
1425,2018/09/06,03:00:00,0,10.338,11.40
1426,2018/09/06,03:30:00,0,10.341,11.40
1427,2018/09/06,04:00:00,0,10.341,11.40
1428,2018/09/06,04:30:00,0,10.341,11.40
1429,2018/09/06,05:00:00,0,10.340,11.40
1430,2018/09/06,05:30:00,0,10.340,11.40
1431,2018/09/06,06:00:00,0,10.343,11.40
1432,2018/09/06,06:30:00,0,10.344,11.40
1433,2018/09/06,07:00:00,0,10.349,11.40
1434,2018/09/06,07:30:00,0,10.349,11.40
1435,2018/09/06,08:00:00,0,10.350,11.40
1436,2018/09/06,08:30:00,0,10.352,11.40
1437,2018/09/06,09:00:00,0,10.352,11.40
1438,2018/09/06,09:30:00,0,10.352,11.40
1439,2018/09/06,10:00:00,0,10.350,11.40
1440,2018/09/06,10:30:00,0,10.352,11.40
1441,2018/09/06,11:00:00,0,10.350,11.40
1442,2018/09/06,11:30:00,0,10.349,11.40
1443,2018/09/06,12:00:00,0,10.344,11.40
1444,2018/09/06,12:30:00,0,10.343,11.40
1445,2018/09/06,13:00:00,0,10.341,11.40
1446,2018/09/06,13:30:00,0,10.337,11.40
1447,2018/09/06,14:00:00,0,10.335,11.40
1448,2018/09/06,14:30:00,0,10.332,11.40
1449,2018/09/06,15:00:00,0,10.329,11.40
1450,2018/09/06,15:30:00,0,10.325,11.40
1451,2018/09/06,16:00:00,0,10.322,11.40
1452,2018/09/06,16:30:00,0,10.317,11.40
1453,2018/09/06,17:00:00,0,10.313,11.40
1454,2018/09/06,17:30:00,0,10.313,11.40
1455,2018/09/06,18:00:00,0,10.308,11.40
1456,2018/09/06,18:30:00,0,10.307,11.40
1457,2018/09/06,19:00:00,0,10.305,11.40
1458,2018/09/06,19:30:00,0,10.307,11.40
1459,2018/09/06,20:00:00,0,10.308,11.40
1460,2018/09/06,20:30:00,0,10.314,11.40
1461,2018/09/06,21:00:00,0,10.317,11.40
1462,2018/09/06,21:30:00,0,10.314,11.40
1463,2018/09/06,22:00:00,0,10.314,11.40
1464,2018/09/06,22:30:00,0,10.313,11.40
1465,2018/09/06,23:00:00,0,10.313,11.40
1466,2018/09/06,23:30:00,0,10.316,11.40
1467,2018/09/07,00:00:00,0,10.317,11.40
1468,2018/09/07,00:30:00,0,10.316,11.40
1469,2018/09/07,01:00:00,0,10.316,11.40
1470,2018/09/07,01:30:00,0,10.317,11.40
1471,2018/09/07,02:00:00,0,10.319,11.40
1472,2018/09/07,02:30:00,0,10.316,11.40
1473,2018/09/07,03:00:00,0,10.319,11.40
1474,2018/09/07,03:30:00,0,10.320,11.40
1475,2018/09/07,04:00:00,0,10.319,11.40
1476,2018/09/07,04:30:00,0,10.319,11.40
1477,2018/09/07,05:00:00,0,10.319,11.40
1478,2018/09/07,05:30:00,0,10.319,11.40
1479,2018/09/07,06:00:00,0,10.322,11.40
1480,2018/09/07,06:30:00,0,10.323,11.40
1481,2018/09/07,07:00:00,0,10.326,11.40
1482,2018/09/07,07:30:00,0,10.326,11.40
1483,2018/09/07,08:00:00,0,10.328,11.40
1484,2018/09/07,08:30:00,0,10.325,11.40
1485,2018/09/07,09:00:00,0,10.323,11.40
1486,2018/09/07,09:30:00,0,10.323,11.40
1487,2018/09/07,10:00:00,0,10.326,11.40
1488,2018/09/07,10:30:00,0,10.326,11.40
1489,2018/09/07,11:00:00,0,10.325,11.40
1490,2018/09/07,11:30:00,0,10.323,11.40
1491,2018/09/07,12:00:00,0,10.322,11.40
1492,2018/09/07,12:30:00,0,10.322,11.40
1493,2018/09/07,13:00:00,0,10.319,11.40
1494,2018/09/07,13:30:00,0,10.317,11.40
1495,2018/09/07,14:00:00,0,10.223,12.60
1496,2018/09/07,14:30:00,0,10.311,11.80
1497,2018/09/07,15:00:00,0,10.311,11.60
1498,2018/09/07,15:30:00,0,10.310,11.50
1499,2018/09/07,16:00:00,0,10.308,11.50
1500,2018/09/07,16:30:00,0,10.305,11.50
1501,2018/09/07,17:00:00,0,10.304,11.40
1502,2018/09/07,17:30:00,0,10.304,11.40
1503,2018/09/07,18:00:00,0,10.304,11.40
1504,2018/09/07,18:30:00,0,10.304,11.40
1505,2018/09/07,19:00:00,0,10.304,11.40
1506,2018/09/07,19:30:00,0,10.302,11.40
1507,2018/09/07,20:00:00,0,10.304,11.40
1508,2018/09/07,20:30:00,0,10.304,11.40
1509,2018/09/07,21:00:00,0,10.305,11.40
1510,2018/09/07,21:30:00,0,10.305,11.40
1511,2018/09/07,22:00:00,0,10.305,11.40
1512,2018/09/07,22:30:00,0,10.307,11.40
1513,2018/09/07,23:00:00,0,10.305,11.40
1514,2018/09/07,23:30:00,0,10.305,11.40
1515,2018/09/08,00:00:00,0,10.305,11.40
1516,2018/09/08,00:30:00,0,10.307,11.40
1517,2018/09/08,01:00:00,0,10.308,11.40
1518,2018/09/08,01:30:00,0,10.308,11.40
1519,2018/09/08,02:00:00,0,10.308,11.40
1520,2018/09/08,02:30:00,0,10.307,11.40
1521,2018/09/08,03:00:00,0,10.305,11.40
1522,2018/09/08,03:30:00,0,10.304,11.40
1523,2018/09/08,04:00:00,0,10.301,11.40
1524,2018/09/08,04:30:00,0,10.301,11.40
1525,2018/09/08,05:00:00,0,10.299,11.40
1526,2018/09/08,05:30:00,0,10.299,11.40
1527,2018/09/08,06:00:00,0,10.296,11.40
1528,2018/09/08,06:30:00,0,10.296,11.40
1529,2018/09/08,07:00:00,0,10.295,11.40
1530,2018/09/08,07:30:00,0,10.296,11.40
1531,2018/09/08,08:00:00,0,10.296,11.40
1532,2018/09/08,08:30:00,0,10.295,11.40
1533,2018/09/08,09:00:00,0,10.293,11.30
1534,2018/09/08,09:30:00,0,10.293,11.30
1535,2018/09/08,10:00:00,0,10.293,11.30
1536,2018/09/08,10:30:00,0,10.292,11.30
1537,2018/09/08,11:00:00,0,10.292,11.30
1538,2018/09/08,11:30:00,0,10.290,11.30
1539,2018/09/08,12:00:00,0,10.289,11.30
1540,2018/09/08,12:30:00,0,10.287,11.30
1541,2018/09/08,13:00:00,0,10.281,11.30
1542,2018/09/08,13:30:00,0,10.277,11.30
1543,2018/09/08,14:00:00,0,10.271,11.30
1544,2018/09/08,14:30:00,0,10.266,11.30
1545,2018/09/08,15:00:00,0,10.263,11.30
1546,2018/09/08,15:30:00,0,10.259,11.30
1547,2018/09/08,16:00:00,0,10.257,11.30
1548,2018/09/08,16:30:00,0,10.254,11.30
1549,2018/09/08,17:00:00,0,10.253,11.30
1550,2018/09/08,17:30:00,0,10.248,11.30
1551,2018/09/08,18:00:00,0,10.245,11.30
1552,2018/09/08,18:30:00,0,10.244,11.30
1553,2018/09/08,19:00:00,0,10.244,11.30
1554,2018/09/08,19:30:00,0,10.244,11.30
1555,2018/09/08,20:00:00,0,10.242,11.30
1556,2018/09/08,20:30:00,0,10.242,11.30
1557,2018/09/08,21:00:00,0,10.242,11.30
1558,2018/09/08,21:30:00,0,10.241,11.30
1559,2018/09/08,22:00:00,0,10.239,11.30
1560,2018/09/08,22:30:00,0,10.239,11.30
1561,2018/09/08,23:00:00,0,10.238,11.30
1562,2018/09/08,23:30:00,0,10.239,11.30
1563,2018/09/09,00:00:00,0,10.236,11.30
1564,2018/09/09,00:30:00,0,10.236,11.30
1565,2018/09/09,01:00:00,0,10.236,11.30
1566,2018/09/09,01:30:00,0,10.236,11.30
1567,2018/09/09,02:00:00,0,10.233,11.30
1568,2018/09/09,02:30:00,0,10.230,11.30
1569,2018/09/09,03:00:00,0,10.229,11.30
1570,2018/09/09,03:30:00,0,10.226,11.30
1571,2018/09/09,04:00:00,0,10.226,11.30
1572,2018/09/09,04:30:00,0,10.223,11.30
1573,2018/09/09,05:00:00,0,10.221,11.30
1574,2018/09/09,05:30:00,0,10.217,11.30
1575,2018/09/09,06:00:00,0,10.215,11.30
1576,2018/09/09,06:30:00,0,10.214,11.30
1577,2018/09/09,07:00:00,0,10.218,11.30
1578,2018/09/09,07:30:00,0,10.215,11.30
1579,2018/09/09,08:00:00,0,10.215,11.30
1580,2018/09/09,08:30:00,0,10.218,11.30
1581,2018/09/09,09:00:00,0,10.218,11.30
1582,2018/09/09,09:30:00,0,10.215,11.30
1583,2018/09/09,10:00:00,0,10.214,11.30
1584,2018/09/09,10:30:00,0,10.211,11.30
1585,2018/09/09,11:00:00,0,10.209,11.30
1586,2018/09/09,11:30:00,0,10.205,11.30
1587,2018/09/09,12:00:00,0,10.205,11.30
1588,2018/09/09,12:30:00,0,10.199,11.30
1589,2018/09/09,13:00:00,0,10.197,11.30
1590,2018/09/09,13:30:00,0,10.196,11.30
1591,2018/09/09,14:00:00,0,10.193,11.30
1592,2018/09/09,14:30:00,0,10.188,11.30
1593,2018/09/09,15:00:00,0,10.188,11.30
1594,2018/09/09,15:30:00,0,10.184,11.30
1595,2018/09/09,16:00:00,0,10.179,11.30
1596,2018/09/09,16:30:00,0,10.173,11.30
1597,2018/09/09,17:00:00,0,10.172,11.30
1598,2018/09/09,17:30:00,0,10.170,11.30
1599,2018/09/09,18:00:00,0,10.169,11.30
1600,2018/09/09,18:30:00,0,10.167,11.30
1601,2018/09/09,19:00:00,0,10.167,11.30
1602,2018/09/09,19:30:00,0,10.167,11.30
1603,2018/09/09,20:00:00,0,10.166,11.30
1604,2018/09/09,20:30:00,0,10.164,11.30
1605,2018/09/09,21:00:00,0,10.164,11.30
1606,2018/09/09,21:30:00,0,10.169,11.30
1607,2018/09/09,22:00:00,0,10.173,11.30
1608,2018/09/09,22:30:00,0,10.173,11.30
1609,2018/09/09,23:00:00,0,10.169,11.30
1610,2018/09/09,23:30:00,0,10.167,11.30
1611,2018/09/10,00:00:00,0,10.163,11.30
1612,2018/09/10,00:30:00,0,10.160,11.30
1613,2018/09/10,01:00:00,0,10.160,11.30
1614,2018/09/10,01:30:00,0,10.155,11.30
1615,2018/09/10,02:00:00,0,10.152,11.30
1616,2018/09/10,02:30:00,0,10.148,11.30
1617,2018/09/10,03:00:00,0,10.154,11.30
1618,2018/09/10,03:30:00,0,10.155,11.30
1619,2018/09/10,04:00:00,0,10.158,11.30
1620,2018/09/10,04:30:00,0,10.155,11.30
1621,2018/09/10,05:00:00,0,10.154,11.30
1622,2018/09/10,05:30:00,0,10.155,11.30
1623,2018/09/10,06:00:00,0,10.158,11.30
1624,2018/09/10,06:30:00,0,10.164,11.30
1625,2018/09/10,07:00:00,0,10.169,11.30
1626,2018/09/10,07:30:00,0,10.167,11.30
1627,2018/09/10,08:00:00,0,10.163,11.30
1628,2018/09/10,08:30:00,0,10.163,11.30
1629,2018/09/10,09:00:00,0,10.163,11.30
1630,2018/09/10,09:30:00,0,10.161,11.30
1631,2018/09/10,10:00:00,0,10.160,11.30
1632,2018/09/10,10:30:00,0,10.160,11.30
1633,2018/09/10,11:00:00,0,10.160,11.30
1634,2018/09/10,11:30:00,0,10.158,11.30
1635,2018/09/10,12:00:00,0,10.158,11.30
1636,2018/09/10,12:30:00,0,10.155,11.30
1637,2018/09/10,13:00:00,0,10.155,11.30
1638,2018/09/10,13:30:00,0,10.152,11.30
1639,2018/09/10,14:00:00,0,10.152,11.30
1640,2018/09/10,14:30:00,0,10.149,11.30
1641,2018/09/10,15:00:00,0,10.148,11.30
1642,2018/09/10,15:30:00,0,10.146,11.30
1643,2018/09/10,16:00:00,0,10.146,11.30
1644,2018/09/10,16:30:00,0,10.145,11.30
1645,2018/09/10,17:00:00,0,10.145,11.30
1646,2018/09/10,17:30:00,0,10.145,11.30
1647,2018/09/10,18:00:00,0,10.146,11.30
1648,2018/09/10,18:30:00,0,10.146,11.30
1649,2018/09/10,19:00:00,0,10.145,11.30
1650,2018/09/10,19:30:00,0,10.145,11.30
1651,2018/09/10,20:00:00,0,10.145,11.30
1652,2018/09/10,20:30:00,0,10.146,11.30
1653,2018/09/10,21:00:00,0,10.151,11.30
1654,2018/09/10,21:30:00,0,10.154,11.30
1655,2018/09/10,22:00:00,0,10.152,11.30
1656,2018/09/10,22:30:00,0,10.152,11.30
1657,2018/09/10,23:00:00,0,10.152,11.30
1658,2018/09/10,23:30:00,0,10.152,11.30
1659,2018/09/11,00:00:00,0,10.152,11.30
1660,2018/09/11,00:30:00,0,10.151,11.30
1661,2018/09/11,01:00:00,0,10.151,11.30
1662,2018/09/11,01:30:00,0,10.148,11.20
1663,2018/09/11,02:00:00,0,10.146,11.20
1664,2018/09/11,02:30:00,0,10.148,11.20
1665,2018/09/11,03:00:00,0,10.146,11.20
1666,2018/09/11,03:30:00,0,10.146,11.20
1667,2018/09/11,04:00:00,0,10.145,11.20
1668,2018/09/11,04:30:00,0,10.145,11.20
1669,2018/09/11,05:00:00,0,10.146,11.20
1670,2018/09/11,05:30:00,0,10.146,11.20
1671,2018/09/11,06:00:00,0,10.143,11.20
1672,2018/09/11,06:30:00,0,10.143,11.20
1673,2018/09/11,07:00:00,0,10.145,11.20
1674,2018/09/11,07:30:00,0,10.145,11.20
1675,2018/09/11,08:00:00,0,10.143,11.20
1676,2018/09/11,08:30:00,0,10.140,11.20
1677,2018/09/11,09:00:00,0,10.139,11.20
1678,2018/09/11,09:30:00,0,10.136,11.20
1679,2018/09/11,10:00:00,0,10.134,11.20
1680,2018/09/11,10:30:00,0,10.134,11.20
1681,2018/09/11,11:00:00,0,10.133,11.20
1682,2018/09/11,11:30:00,0,10.131,11.20
1683,2018/09/11,12:00:00,0,10.127,11.20
1684,2018/09/11,12:30:00,0,10.122,11.20
1685,2018/09/11,13:00:00,0,10.116,11.20
1686,2018/09/11,13:30:00,0,10.113,11.20
1687,2018/09/11,14:00:00,0,10.107,11.20
1688,2018/09/11,14:30:00,0,10.104,11.20
1689,2018/09/11,15:00:00,0,10.100,11.20
1690,2018/09/11,15:30:00,0,10.097,11.20
1691,2018/09/11,16:00:00,0,10.095,11.20
1692,2018/09/11,16:30:00,0,10.094,11.20
1693,2018/09/11,17:00:00,0,10.092,11.20
1694,2018/09/11,17:30:00,0,10.088,11.20
1695,2018/09/11,18:00:00,0,10.086,11.20
1696,2018/09/11,18:30:00,0,10.088,11.20
1697,2018/09/11,19:00:00,0,10.088,11.20
1698,2018/09/11,19:30:00,0,10.088,11.20
1699,2018/09/11,20:00:00,0,10.085,11.20
1700,2018/09/11,20:30:00,0,10.092,11.20
1701,2018/09/11,21:00:00,0,10.094,11.20
1702,2018/09/11,21:30:00,0,10.094,11.20
1703,2018/09/11,22:00:00,0,10.092,11.20
1704,2018/09/11,22:30:00,0,10.091,11.20
1705,2018/09/11,23:00:00,0,10.089,11.20
1706,2018/09/11,23:30:00,0,10.092,11.20
1707,2018/09/12,00:00:00,0,10.095,11.20
1708,2018/09/12,00:30:00,0,10.098,11.20
1709,2018/09/12,01:00:00,0,10.101,11.20
1710,2018/09/12,01:30:00,0,10.104,11.20
1711,2018/09/12,02:00:00,0,10.109,11.20
1712,2018/09/12,02:30:00,0,10.113,11.20
1713,2018/09/12,03:00:00,0,10.116,11.20
1714,2018/09/12,03:30:00,0,10.122,11.20
1715,2018/09/12,04:00:00,0,10.127,11.20
1716,2018/09/12,04:30:00,0,10.127,11.20
1717,2018/09/12,05:00:00,0,10.130,11.20
1718,2018/09/12,05:30:00,0,10.131,11.20
1719,2018/09/12,06:00:00,0,10.133,11.20
1720,2018/09/12,06:30:00,0,10.140,11.20
1721,2018/09/12,07:00:00,0,10.145,11.20
1722,2018/09/12,07:30:00,0,10.154,11.20
1723,2018/09/12,08:00:00,0,10.163,11.20
1724,2018/09/12,08:30:00,0,10.164,11.20
1725,2018/09/12,09:00:00,0,10.166,11.20
1726,2018/09/12,09:30:00,0,10.163,11.20
1727,2018/09/12,10:00:00,0,10.157,11.20
1728,2018/09/12,10:30:00,0,10.160,11.20
1729,2018/09/12,11:00:00,0,10.160,11.20
1730,2018/09/12,11:30:00,0,10.182,11.20
1731,2018/09/12,12:00:00,0,10.164,11.20
1732,2018/09/12,12:30:00,0,10.173,11.20
1733,2018/09/12,13:00:00,0,10.178,11.20
1734,2018/09/12,13:30:00,0,9.864,18.10
1735,2018/09/12,14:00:00,0,10.175,12.20
